Company_Current_company,Company_Company_headcount,Company_Past_company,Company_Company_type,Company_headquarters_location,Role_Function,Role_Current_job_title,Role_Seniority_level,Role_Past_job_title,Role_Years_in_current_company,Role_Years_in_current_position,Personal_Geography,Personal_Industry,Personal_First_name,Personal_Last_name,Personal_Profile_language,Personal_Years_of_experience,Personal_Groups,Personal_School,Recentupdates_Changed_jobs,Recentupdates_Posted_on_LinkedIn,Workflow_Persona,Workflow_People_you_interacted_with
"""<fieldset class=""pv3 _container_bguac2 _container-divider_bguac2 _column_c69tab"" data-x-search-filter=""CURRENT_COMPANY"">
<!---->
  <div class=""ph4 flex align-items-center relative"">
    <legend class=""t-14 pr2 overflow-hidden t-black--light flex align-items-center"" id=""search-filter-st749"">
        <span class=""nowrap-ellipsis"">
            Current company
        </span>

          <!---->

  
            <button aria-label=""Show tooltip for Current company filter"" class=""z-index-1 ml1 artdeco-button artdeco-button--circle artdeco-button--muted artdeco-button--1 artdeco-button--tertiary artdeco-button--0"" type=""button"" tabindex=""0"">
              <li-icon aria-hidden=""true"" type=""question-pebble-icon"" size=""small""><svg xmlns=""http://www.w3.org/2000/svg"" viewBox=""0 0 16 16"" data-supported-dps=""16x16"" fill=""currentColor"" width=""16"" height=""16"" focusable=""false"">
  <path d=""M7 10h2v2H7v-2zm8-2A7 7 0 111 8a7 7 0 0114 0zm-1.77 0c0-2.884-2.346-5.23-5.23-5.23S2.77 5.116 2.77 8c0 2.884 2.346 5.23 5.23 5.23s5.23-2.346 5.23-5.23zM8.5 4h-1A2.5 2.5 0 005 6.5V7h1.875V5.875h2.25v1.25H8a1 1 0 00-1 1V9h1.5C9.875 9 11 7.875 11 6.5A2.5 2.5 0 008.5 4z""></path>
</svg></li-icon>
            </button>
          


        <span class="" z-index-1 color-gray5 flex align-items-center _pin-icon_bguac2"" title=""Pinned filter"">
          <svg aria-hidden=""true"" role=""none"" xmlns=""http://www.w3.org/2000/svg"" viewBox=""0 0 16 16"" data-supported-dps=""16x16"" fill=""currentColor"">
  <path d=""M13.12 7.72L12 6.6V3h1V1H3v2h1v3.6L2.88 7.72A3 3 0 002 9.84V11h5v3l1 2 1-2v-3h5V9.84a3 3 0 00-.88-2.12z""></path>
</svg>
        </span>

<!---->    </legend>

        <button aria-expanded=""false"" class=""artdeco-button artdeco-button--circle artdeco-button--muted artdeco-button--1 artdeco-button--tertiary search-filter__focus-target--button mlA button--fill-click-area artdeco-button--0 flex-shrink-zero"" type=""button"">
          <li-icon aria-hidden=""true"" type=""plus-icon"" class=""artdeco-button__icon"" size=""small""><svg xmlns=""http://www.w3.org/2000/svg"" viewBox=""0 0 16 16"" data-supported-dps=""16x16"" fill=""currentColor"" width=""16"" height=""16"" focusable=""false"">
  <path d=""M14 9H9v5H7V9H2V7h5V2h2v5h5v2z""></path>
</svg></li-icon>
          <span class=""a11y-text"">Expand Current company filter</span>
        </button>
  </div>

<!---->
<!---->
<!---->
<!---->
<!---->
<!----></fieldset>""",Self-employed,"""<fieldset class=""pv3 _container_bguac2 _container-divider_bguac2 _column_c69tab"" data-x-search-filter=""PAST_COMPANY"">
<!---->
  <div class=""ph4 flex align-items-center relative"">
    <legend class=""t-14 pr2 overflow-hidden t-black--light flex align-items-center"" id=""search-filter-st755"">
        <span class=""nowrap-ellipsis"">
            Past company
        </span>

          <!---->

  
            <button aria-label=""Show tooltip for Past company filter"" class=""z-index-1 ml1 artdeco-button artdeco-button--circle artdeco-button--muted artdeco-button--1 artdeco-button--tertiary artdeco-button--0"" type=""button"" tabindex=""0"">
              <li-icon aria-hidden=""true"" type=""question-pebble-icon"" size=""small""><svg xmlns=""http://www.w3.org/2000/svg"" viewBox=""0 0 16 16"" data-supported-dps=""16x16"" fill=""currentColor"" width=""16"" height=""16"" focusable=""false"">
  <path d=""M7 10h2v2H7v-2zm8-2A7 7 0 111 8a7 7 0 0114 0zm-1.77 0c0-2.884-2.346-5.23-5.23-5.23S2.77 5.116 2.77 8c0 2.884 2.346 5.23 5.23 5.23s5.23-2.346 5.23-5.23zM8.5 4h-1A2.5 2.5 0 005 6.5V7h1.875V5.875h2.25v1.25H8a1 1 0 00-1 1V9h1.5C9.875 9 11 7.875 11 6.5A2.5 2.5 0 008.5 4z""></path>
</svg></li-icon>
            </button>
          


<!---->
<!---->    </legend>

        <button aria-expanded=""false"" class=""artdeco-button artdeco-button--circle artdeco-button--muted artdeco-button--1 artdeco-button--tertiary search-filter__focus-target--button mlA button--fill-click-area artdeco-button--0 flex-shrink-zero"" type=""button"">
          <li-icon aria-hidden=""true"" type=""plus-icon"" class=""artdeco-button__icon"" size=""small""><svg xmlns=""http://www.w3.org/2000/svg"" viewBox=""0 0 16 16"" data-supported-dps=""16x16"" fill=""currentColor"" width=""16"" height=""16"" focusable=""false"">
  <path d=""M14 9H9v5H7V9H2V7h5V2h2v5h5v2z""></path>
</svg></li-icon>
          <span class=""a11y-text"">Expand Past company filter</span>
        </button>
  </div>

<!---->
<!---->
<!---->
<!---->
<!---->
<!----></fieldset>""",Public Company,"""<fieldset class=""pv3 _container_bguac2 _container-divider_bguac2 _column_c69tab"" data-x-search-filter=""COMPANY_HEADQUARTERS"">
<!---->
  <div class=""ph4 flex align-items-center relative"">
    <legend class=""t-14 pr2 overflow-hidden t-black--light flex align-items-center"" id=""search-filter-st762"">
        <span class=""nowrap-ellipsis"">
            Company headquarters location
        </span>

<!---->
<!---->
<!---->    </legend>

        <button aria-expanded=""false"" class=""artdeco-button artdeco-button--circle artdeco-button--muted artdeco-button--1 artdeco-button--tertiary search-filter__focus-target--button mlA button--fill-click-area artdeco-button--0 flex-shrink-zero"" type=""button"">
          <li-icon aria-hidden=""true"" type=""plus-icon"" class=""artdeco-button__icon"" size=""small""><svg xmlns=""http://www.w3.org/2000/svg"" viewBox=""0 0 16 16"" data-supported-dps=""16x16"" fill=""currentColor"" width=""16"" height=""16"" focusable=""false"">
  <path d=""M14 9H9v5H7V9H2V7h5V2h2v5h5v2z""></path>
</svg></li-icon>
          <span class=""a11y-text"">Expand Company headquarters location filter</span>
        </button>
  </div>

<!---->
<!---->
<!---->
<!---->
<!---->
<!----></fieldset>""",Accounting,"""<fieldset class=""pv3 _container_bguac2 _container-divider_bguac2 _column_c69tab"" data-x-search-filter=""CURRENT_TITLE"">
<!---->
  <div class=""ph4 flex align-items-center relative"">
    <legend class=""t-14 pr2 overflow-hidden t-black--light flex align-items-center"" id=""search-filter-st764"">
        <span class=""nowrap-ellipsis"">
            Current job title
        </span>

<!---->
        <span class=""ml1 z-index-1 color-gray5 flex align-items-center _pin-icon_bguac2"" title=""Pinned filter"">
          <svg aria-hidden=""true"" role=""none"" xmlns=""http://www.w3.org/2000/svg"" viewBox=""0 0 16 16"" data-supported-dps=""16x16"" fill=""currentColor"">
  <path d=""M13.12 7.72L12 6.6V3h1V1H3v2h1v3.6L2.88 7.72A3 3 0 002 9.84V11h5v3l1 2 1-2v-3h5V9.84a3 3 0 00-.88-2.12z""></path>
</svg>
        </span>

<!---->    </legend>

        <button aria-expanded=""false"" class=""artdeco-button artdeco-button--circle artdeco-button--muted artdeco-button--1 artdeco-button--tertiary search-filter__focus-target--button mlA button--fill-click-area artdeco-button--0 flex-shrink-zero"" type=""button"">
          <li-icon aria-hidden=""true"" type=""plus-icon"" class=""artdeco-button__icon"" size=""small""><svg xmlns=""http://www.w3.org/2000/svg"" viewBox=""0 0 16 16"" data-supported-dps=""16x16"" fill=""currentColor"" width=""16"" height=""16"" focusable=""false"">
  <path d=""M14 9H9v5H7V9H2V7h5V2h2v5h5v2z""></path>
</svg></li-icon>
          <span class=""a11y-text"">Expand Current job title filter</span>
        </button>""
  </div>

<!---->
<!---->
<!---->
<!---->
<!---->
<!----></fieldset>""",Owner / Partner,"""<fieldset class=""pv3 _container_bguac2 _container-divider_bguac2 _column_c69tab"" data-x-search-filter=""PAST_TITLE"">
<!---->
  <div class=""ph4 flex align-items-center relative"">
    <legend class=""t-14 pr2 overflow-hidden t-black--light flex align-items-center"" id=""search-filter-st766"">
        <span class=""nowrap-ellipsis"">
            Past job title
        </span>

<!---->
<!---->
<!---->    </legend>

        <button aria-expanded=""false"" class=""artdeco-button artdeco-button--circle artdeco-button--muted artdeco-button--1 artdeco-button--tertiary search-filter__focus-target--button mlA button--fill-click-area artdeco-button--0 flex-shrink-zero"" type=""button"">
          <li-icon aria-hidden=""true"" type=""plus-icon"" class=""artdeco-button__icon"" size=""small""><svg xmlns=""http://www.w3.org/2000/svg"" viewBox=""0 0 16 16"" data-supported-dps=""16x16"" fill=""currentColor"" width=""16"" height=""16"" focusable=""false"">
  <path d=""M14 9H9v5H7V9H2V7h5V2h2v5h5v2z""></path>
</svg></li-icon>
          <span class=""a11y-text"">Expand Past job title filter</span>
        </button>
  </div>

<!---->
<!---->
<!---->
<!---->
<!---->
<!----></fieldset>""",Less than 1 year,Less than 1 year,"""<fieldset class=""pv3 _container_bguac2 _container-divider_bguac2 _column_c69tab"" data-x-search-filter=""GEOGRAPHY"">
<!---->
  <div class=""ph4 flex align-items-center relative"">
    <legend class=""t-14 pr2 overflow-hidden t-black--light flex align-items-center"" id=""search-filter-st769"">
        
    
          <div class=""nowrap-ellipsis"" data-anchor-search-filter-tooltip="""">
            Geography
          </div>
        
    <div data-test-bubble-component="""" id=""ember772"" class=""teaching-bubble teaching-bubble--light ember-view"" role=""tooltip"" aria-label=""Try advanced filters to refine your search""><div class=""teaching-bubble__container  _container_iq15dg _raised_1aegh9 hue-web-color-scheme--light"" aria-live=""polite"" data-test-enterprise-teaching-bubble="""">
    
      <div class=""tooltip-container t-14"">
        <div class=""tooltip-container__display-image illustration-microspots-small dartboard""></div>
        <div class=""tooltip-container__title t-bold pt4"">Try advanced filters to refine your search</div>
        <div class=""tooltip-container__description t-black--light pt2"">Use the Geography, Industry, and Title filters to find the right people.</div>
      </div>
    
    <button class=""teaching-bubble__close-btn _container_iq15dg hue-web-color-scheme--light"" aria-label=""Dismiss"" data-test-enterprise-teaching-bubble-dismiss-btn="""" type=""button"">
      <svg role=""none"" aria-hidden=""true"" xmlns=""http://www.w3.org/2000/svg"" width=""16"" height=""16"" viewBox=""0 0 16 16"" data-supported-dps=""16x16"" data-test-icon=""close-small"">
<!---->    
    <use href=""#close-small"" width=""16"" height=""16""></use>
</svg>

    </button>
<!----></div>
<div data-popper-arrow="""" class=""teaching-bubble__arrow _container_iq15dg hue-web-color-scheme--light"" aria-hidden=""true""></div>
</div>




<!---->
        <span class=""ml1 z-index-1 color-gray5 flex align-items-center _pin-icon_bguac2"" title=""Pinned filter"">
          <svg aria-hidden=""true"" role=""none"" xmlns=""http://www.w3.org/2000/svg"" viewBox=""0 0 16 16"" data-supported-dps=""16x16"" fill=""currentColor"">
  <path d=""M13.12 7.72L12 6.6V3h1V1H3v2h1v3.6L2.88 7.72A3 3 0 002 9.84V11h5v3l1 2 1-2v-3h5V9.84a3 3 0 00-.88-2.12z""></path>
</svg>
        </span>

<!---->    </legend>

        <button aria-expanded=""false"" class=""artdeco-button artdeco-button--circle artdeco-button--muted artdeco-button--1 artdeco-button--tertiary search-filter__focus-target--button mlA button--fill-click-area artdeco-button--0 flex-shrink-zero"" type=""button"">
          <li-icon aria-hidden=""true"" type=""plus-icon"" class=""artdeco-button__icon"" size=""small""><svg xmlns=""http://www.w3.org/2000/svg"" viewBox=""0 0 16 16"" data-supported-dps=""16x16"" fill=""currentColor"" width=""16"" height=""16"" focusable=""false"">
  <path d=""M14 9H9v5H7V9H2V7h5V2h2v5h5v2z""></path>
</svg></li-icon>
          <span class=""a11y-text"">Expand Geography filter</span>
        </button>
  </div>

<!---->
<!---->
<!---->
<!---->
<!---->
<!----></fieldset>""",Chiropractors,,,,Less than 1 year,"""<fieldset class=""pv3 background-color-white elevation-4dp align-self-flex-start _container_bguac2 _column_c69tab"" data-x-search-filter=""GROUP"">
    <div></div>

  <div class=""ph4 flex align-items-center relative"">
    <legend class=""t-14 pr2 overflow-hidden t-black--light flex align-items-center"" id=""search-filter-st781"">
        <span class=""nowrap-ellipsis"">
            Groups
        </span>

<!---->
<!---->
<!---->    </legend>

      <button aria-expanded=""true"" class=""artdeco-button artdeco-button--circle artdeco-button--muted artdeco-button--1 artdeco-button--tertiary search-filter__focus-target--button mlA button--fill-click-area artdeco-button--0 flex-shrink-zero"" type=""button"">
        <li-icon aria-hidden=""true"" type=""minus-icon"" class=""artdeco-button__icon"" size=""small""><svg xmlns=""http://www.w3.org/2000/svg"" viewBox=""0 0 16 16"" data-supported-dps=""16x16"" fill=""currentColor"" width=""16"" height=""16"" focusable=""false"">
  <path d=""M14 7v2H2V7h12z""></path>
</svg></li-icon>
        <span class=""a11y-text"">Collapse Groups filter</span>
      </button>
  </div>

<!---->
<!---->
<!---->
<!---->
    <div class=""mt3 mb2"">
      
  
<div id=""ember4480"" class=""artdeco-typeahead ember-view"">
    <div id=""ember4481"" class=""ember-view mh4""><div>
  <input class=""artdeco-typeahead__input search-filter__focus-target--input"" placeholder=""Add groups"" dir=""auto"" role=""combobox"" aria-autocomplete=""list"" aria-expanded=""false"" aria-haspopup=""true"" type=""text"">
</div></div>

<!---->
  <ul data-count=""0"" aria-label=""Add groups"" role=""listbox"" id=""ember4480-a11y"" class=""artdeco-typeahead__results-list ember-view  _list_tc938"">
<!---->  </ul>


  <div class=""artdeco-typeahead__a11y-text"" aria-live=""polite"">
<!---->  </div>
</div>


  <div role=""alert"">
<!----></div>

<!---->

<!---->    </div>

<!----></fieldset>""","""<fieldset class=""pv3 background-color-white elevation-4dp align-self-flex-start _container_bguac2 _column_c69tab"" data-x-search-filter=""SCHOOL"">
    <div></div>

  <div class=""ph4 flex align-items-center relative"">
    <legend class=""t-14 pr2 overflow-hidden t-black--light flex align-items-center"" id=""search-filter-st782"">
        <span class=""nowrap-ellipsis"">
            School
        </span>

<!---->
<!---->
<!---->    </legend>

      <button aria-expanded=""true"" class=""artdeco-button artdeco-button--circle artdeco-button--muted artdeco-button--1 artdeco-button--tertiary search-filter__focus-target--button mlA button--fill-click-area artdeco-button--0 flex-shrink-zero"" type=""button"">
        <li-icon aria-hidden=""true"" type=""minus-icon"" class=""artdeco-button__icon"" size=""small""><svg xmlns=""http://www.w3.org/2000/svg"" viewBox=""0 0 16 16"" data-supported-dps=""16x16"" fill=""currentColor"" width=""16"" height=""16"" focusable=""false"">
  <path d=""M14 7v2H2V7h12z""></path>
</svg></li-icon>
        <span class=""a11y-text"">Collapse School filter</span>
      </button>
  </div>

<!---->
<!---->
<!---->
<!---->
    <div class=""mt3 mb2"">
      
  
<div id=""ember4484"" class=""artdeco-typeahead ember-view"">
    <div id=""ember4485"" class=""ember-view mh4""><div>
  <input class=""artdeco-typeahead__input search-filter__focus-target--input"" placeholder=""Add schools"" dir=""auto"" role=""combobox"" aria-autocomplete=""list"" aria-expanded=""false"" aria-haspopup=""true"" type=""text"">
</div></div>

<!---->
  <ul data-count=""0"" aria-label=""Add schools"" role=""listbox"" id=""ember4484-a11y"" class=""artdeco-typeahead__results-list ember-view  _list_tc938"">
<!---->  </ul>


  <div class=""artdeco-typeahead__a11y-text"" aria-live=""polite"">
<!---->  </div>
</div>


  <div role=""alert"">
<!----></div>

<!---->

<!---->    </div>

<!----></fieldset>""","""<fieldset class=""pv2 _container_bguac2 _container-divider_bguac2"" data-x-search-filter=""RECENTLY_CHANGED_JOBS"">
<!---->
  <div class=""ph4 flex align-items-center relative"">
    <legend class=""t-14 pr2 overflow-hidden t-black--light flex align-items-center"" id=""search-filter-st802"">
        <span class=""nowrap-ellipsis"">
            Changed jobs
        </span>

<!---->
        <span class=""ml1 z-index-1 color-gray5 flex align-items-center _pin-icon_bguac2"" title=""Pinned filter"">
          <svg aria-hidden=""true"" role=""none"" xmlns=""http://www.w3.org/2000/svg"" viewBox=""0 0 16 16"" data-supported-dps=""16x16"" fill=""currentColor"">
  <path d=""M13.12 7.72L12 6.6V3h1V1H3v2h1v3.6L2.88 7.72A3 3 0 002 9.84V11h5v3l1 2 1-2v-3h5V9.84a3 3 0 00-.88-2.12z""></path>
</svg>
        </span>

<!---->    </legend>

      
<label class=""button--fill-click-area cursor-pointer"" for=""search-filter-toggle-st802"" aria-label=""Select Changed jobs filter, pinned, toggle button"">
  <span class=""a11y-text"">
    Select Changed jobs filter
  </span>
</label>

<div class=""mlA _wrapper-custom-toggle_dwknl3 _wrapper-toggled-off_dwknl3"" data-lss-force-hue-theme=""mercado"">
  <div class=""_switch_12ycew"">
    <span class=""a11y-text _toggle-text_12ycew"" aria-hidden=""true"" id=""hueSwitch_ember803"">
        Off
    </span>

    <input id=""search-filter-toggle-st802"" aria-describedby=""hueSwitch_ember803 "" class=""a11y-text"" type=""checkbox"">
</div>

</div>

  </div>

<!---->
<!---->
<!---->
<!---->
<!---->
<!----></fieldset>""","""<fieldset class=""pv2 _container_bguac2 _container-divider_bguac2"" data-x-search-filter=""POSTED_ON_LINKEDIN"">
<!---->
  <div class=""ph4 flex align-items-center relative"">
    <legend class=""t-14 pr2 overflow-hidden t-black--light flex align-items-center"" id=""search-filter-st804"">
        <span class=""nowrap-ellipsis"">
            Posted on LinkedIn
        </span>

<!---->
        <span class=""ml1 z-index-1 color-gray5 flex align-items-center _pin-icon_bguac2"" title=""Pinned filter"">
          <svg aria-hidden=""true"" role=""none"" xmlns=""http://www.w3.org/2000/svg"" viewBox=""0 0 16 16"" data-supported-dps=""16x16"" fill=""currentColor"">
  <path d=""M13.12 7.72L12 6.6V3h1V1H3v2h1v3.6L2.88 7.72A3 3 0 002 9.84V11h5v3l1 2 1-2v-3h5V9.84a3 3 0 00-.88-2.12z""></path>
</svg>
        </span>

<!---->    </legend>

      
<label class=""button--fill-click-area cursor-pointer"" for=""search-filter-toggle-st804"" aria-label=""Deselect Posted on LinkedIn filter, 21M+ results, pinned, toggle button"">
  <span class=""a11y-text"">
    Deselect Posted on LinkedIn filter
  </span>
</label>

<div class=""mlA _wrapper-custom-toggle_dwknl3"" data-lss-force-hue-theme=""mercado"">
  <div class=""_switch_12ycew _toggled_12ycew"">
    <span class=""a11y-text _toggle-text_12ycew"" aria-hidden=""true"" id=""hueSwitch_ember805"">
        On
    </span>

    <input id=""search-filter-toggle-st804"" aria-describedby=""hueSwitch_ember805 "" class=""a11y-text"" type=""checkbox"">
</div>

</div>

  </div>

<!---->
<!---->
<!---->
<!---->
<!---->
<!----></fieldset>""","""<fieldset class=""pv3 _container_bguac2 _container-divider_bguac2"" data-x-search-filter=""PERSONA"">
<!---->
  <div class=""ph4 flex align-items-center relative"">
    <legend class=""t-14 pr2 overflow-hidden t-black--light flex align-items-center"" id=""search-filter-st806"">
        <span class=""nowrap-ellipsis"">
            Persona
        </span>

          <!---->

  
            <button aria-label=""Show tooltip for Persona filter"" class=""z-index-1 ml1 artdeco-button artdeco-button--circle artdeco-button--muted artdeco-button--1 artdeco-button--tertiary artdeco-button--0"" type=""button"" tabindex=""0"">
              <li-icon aria-hidden=""true"" type=""question-pebble-icon"" size=""small""><svg xmlns=""http://www.w3.org/2000/svg"" viewBox=""0 0 16 16"" data-supported-dps=""16x16"" fill=""currentColor"" width=""16"" height=""16"" focusable=""false"">
  <path d=""M7 10h2v2H7v-2zm8-2A7 7 0 111 8a7 7 0 0114 0zm-1.77 0c0-2.884-2.346-5.23-5.23-5.23S2.77 5.116 2.77 8c0 2.884 2.346 5.23 5.23 5.23s5.23-2.346 5.23-5.23zM8.5 4h-1A2.5 2.5 0 005 6.5V7h1.875V5.875h2.25v1.25H8a1 1 0 00-1 1V9h1.5C9.875 9 11 7.875 11 6.5A2.5 2.5 0 008.5 4z""></path>
</svg></li-icon>
            </button>
          


<!---->
        <div class=""_label_bguac2 _tag_ladwbl _neutral_ladwbl _small_ladwbl _bodyText_1e5nen _default_1i6ulk _sizeXSmall_1e5nen _weightBold_1e5nen"">
          <span aria-label=""This is a new filter that introduces additional functionality to Search."">
            New
          </span>
        </div>
    </legend>

        <button aria-expanded=""false"" class=""artdeco-button artdeco-button--circle artdeco-button--muted artdeco-button--1 artdeco-button--tertiary search-filter__focus-target--button mlA button--fill-click-area artdeco-button--0 flex-shrink-zero"" type=""button"">
          <li-icon aria-hidden=""true"" type=""plus-icon"" class=""artdeco-button__icon"" size=""small""><svg xmlns=""http://www.w3.org/2000/svg"" viewBox=""0 0 16 16"" data-supported-dps=""16x16"" fill=""currentColor"" width=""16"" height=""16"" focusable=""false"">
  <path d=""M14 9H9v5H7V9H2V7h5V2h2v5h5v2z""></path>
</svg></li-icon>
          <span class=""a11y-text"">Expand Persona filter</span>
        </button>
  </div>

<!---->
<!---->
<!---->
<!---->
<!---->
<!----></fieldset>""","""<fieldset class=""pv3 background-color-white elevation-4dp align-self-flex-start _container_bguac2"" data-x-search-filter=""LEAD_INTERACTIONS"">
    <div></div>

  <div class=""ph4 flex align-items-center relative"">
    <legend class=""t-14 pr2 overflow-hidden t-black--light flex align-items-center"" id=""search-filter-st814"">
        <span class=""nowrap-ellipsis"">
            People you interacted with
        </span>

          <!---->

  
            <button aria-label=""Show tooltip for People you interacted with filter"" class=""z-index-1 ml1 artdeco-button artdeco-button--circle artdeco-button--muted artdeco-button--1 artdeco-button--tertiary artdeco-button--0"" type=""button"" tabindex=""0"">
              <li-icon aria-hidden=""true"" type=""question-pebble-icon"" size=""small""><svg xmlns=""http://www.w3.org/2000/svg"" viewBox=""0 0 16 16"" data-supported-dps=""16x16"" fill=""currentColor"" width=""16"" height=""16"" focusable=""false"">
  <path d=""M7 10h2v2H7v-2zm8-2A7 7 0 111 8a7 7 0 0114 0zm-1.77 0c0-2.884-2.346-5.23-5.23-5.23S2.77 5.116 2.77 8c0 2.884 2.346 5.23 5.23 5.23s5.23-2.346 5.23-5.23zM8.5 4h-1A2.5 2.5 0 005 6.5V7h1.875V5.875h2.25v1.25H8a1 1 0 00-1 1V9h1.5C9.875 9 11 7.875 11 6.5A2.5 2.5 0 008.5 4z""></path>
</svg></li-icon>
            </button>
          


<!---->
<!---->    </legend>

      <button aria-expanded=""true"" class=""artdeco-button artdeco-button--circle artdeco-button--muted artdeco-button--1 artdeco-button--tertiary search-filter__focus-target--button mlA button--fill-click-area artdeco-button--0 flex-shrink-zero"" type=""button"">
        <li-icon aria-hidden=""true"" type=""minus-icon"" class=""artdeco-button__icon"" size=""small""><svg xmlns=""http://www.w3.org/2000/svg"" viewBox=""0 0 16 16"" data-supported-dps=""16x16"" fill=""currentColor"" width=""16"" height=""16"" focusable=""false"">
  <path d=""M14 7v2H2V7h12z""></path>
</svg></li-icon>
        <span class=""a11y-text"">Collapse People you interacted with filter</span>
      </button>
  </div>

<!---->
<!---->
<!---->
<!---->
    <div class=""mt3 mb2"">
      
  
<div id=""ember4714"" class=""artdeco-typeahead ember-view"">
<!---->
<!---->
  <ul data-count=""2"" aria-label=""People you interacted with filter suggestions"" role=""listbox"" id=""ember4714-a11y"" class=""artdeco-typeahead__results-list ember-view mt2 _list_tc938"">
      <div>
              <li aria-selected=""false"" role=""option"" id=""ember4717"" class=""artdeco-typeahead__result ember-view  pv1 ph4 relative"" aria-label=""Include “Viewed profile” in People you interacted with filter"">
                
  <div class=""flex align-items-center _include-suggestion_1cz98z"">
<!----><!---->    <span aria-hidden=""true"" class=""mh1 t-14 color-inherit nowrap-ellipsis"">
      Viewed profile

<!---->    </span>

    <div class=""button--fill-click-area mlA p1 t-12 t-bold t-black--light button--unstyled relative cursor-pointer _include-button_1cz98z _include-suggestion_1cz98z"" aria-label=""Include “Viewed profile” in People you interacted with filter"" data-x-search-filter-typeahead-suggestion=""include-LIVP"" role=""button"" tabindex=""0"" title=""Include “Viewed profile” in People you interacted with filter"">
      Include
    </div>

    <span aria-hidden=""true"" class=""separator--pipe t-light t-black--light""></span>

    <div class=""button--fill-click-area p1 t-12 t-bold t-black--light button--unstyled relative cursor-pointer _exclude-button_1cz98z _exclude-suggestion_1cz98z"" aria-label=""Exclude “Viewed profile” from People you interacted with filter"" role=""button"" tabindex=""0"" title=""Exclude “Viewed profile” from People you interacted with filter"">
      Exclude
    </div>
  </div>

              
</li>
              <li aria-selected=""false"" role=""option"" id=""ember4718"" class=""artdeco-typeahead__result ember-view  pv1 ph4 relative"" aria-label=""Include “Messaged” in People you interacted with filter"">
                
  <div class=""flex align-items-center _include-suggestion_1cz98z"">
<!----><!---->    <span aria-hidden=""true"" class=""mh1 t-14 color-inherit nowrap-ellipsis"">
      Messaged

<!---->    </span>

    <div class=""button--fill-click-area mlA p1 t-12 t-bold t-black--light button--unstyled relative cursor-pointer _include-button_1cz98z _include-suggestion_1cz98z"" aria-label=""Include “Messaged” in People you interacted with filter"" data-x-search-filter-typeahead-suggestion=""include-LIMP"" role=""button"" tabindex=""0"" title=""Include “Messaged” in People you interacted with filter"">
      Include
    </div>

    <span aria-hidden=""true"" class=""separator--pipe t-light t-black--light""></span>

    <div class=""button--fill-click-area p1 t-12 t-bold t-black--light button--unstyled relative cursor-pointer _exclude-button_1cz98z _exclude-suggestion_1cz98z"" aria-label=""Exclude “Messaged” from People you interacted with filter"" role=""button"" tabindex=""0"" title=""Exclude “Messaged” from People you interacted with filter"">
      Exclude
    </div>
  </div>

              
</li>
      </div>
  </ul>


  <div class=""artdeco-typeahead__a11y-text"" aria-live=""polite"">
<!---->  </div>
</div>


  <div role=""alert"">
<!----></div>

<!---->

<!---->    </div>

<!----></fieldset>"""
,51-200,,Privately Held,,Administrative,,CXO,,1 to 2 years,1 to 2 years,,Defense and Space Manufacturing,,,,1 to 2 years,,,,,"""<fieldset class=""pv3 background-color-white elevation-4dp align-self-flex-start _container_bguac2"" data-x-search-filter=""PERSONA"">
    <div></div>

  <div class=""ph4 flex align-items-center relative"">
    <legend class=""t-14 pr2 overflow-hidden t-black--light flex align-items-center"" id=""search-filter-st806"">
        <span class=""nowrap-ellipsis"">
            Persona
        </span>

          <!---->

  
            <button aria-label=""Show tooltip for Persona filter"" class=""z-index-1 ml1 artdeco-button artdeco-button--circle artdeco-button--muted artdeco-button--1 artdeco-button--tertiary artdeco-button--0"" type=""button"" tabindex=""0"">
              <li-icon aria-hidden=""true"" type=""question-pebble-icon"" size=""small""><svg xmlns=""http://www.w3.org/2000/svg"" viewBox=""0 0 16 16"" data-supported-dps=""16x16"" fill=""currentColor"" width=""16"" height=""16"" focusable=""false"">
  <path d=""M7 10h2v2H7v-2zm8-2A7 7 0 111 8a7 7 0 0114 0zm-1.77 0c0-2.884-2.346-5.23-5.23-5.23S2.77 5.116 2.77 8c0 2.884 2.346 5.23 5.23 5.23s5.23-2.346 5.23-5.23zM8.5 4h-1A2.5 2.5 0 005 6.5V7h1.875V5.875h2.25v1.25H8a1 1 0 00-1 1V9h1.5C9.875 9 11 7.875 11 6.5A2.5 2.5 0 008.5 4z""></path>
</svg></li-icon>
            </button>
          


<!---->
        <div class=""_label_bguac2 _tag_ladwbl _neutral_ladwbl _small_ladwbl _bodyText_1e5nen _default_1i6ulk _sizeXSmall_1e5nen _weightBold_1e5nen"">
          <span aria-label=""This is a new filter that introduces additional functionality to Search."">
            New
          </span>
        </div>
    </legend>

      <button aria-expanded=""true"" class=""artdeco-button artdeco-button--circle artdeco-button--muted artdeco-button--1 artdeco-button--tertiary search-filter__focus-target--button mlA button--fill-click-area artdeco-button--0 flex-shrink-zero"" type=""button"">
        <li-icon aria-hidden=""true"" type=""minus-icon"" class=""artdeco-button__icon"" size=""small""><svg xmlns=""http://www.w3.org/2000/svg"" viewBox=""0 0 16 16"" data-supported-dps=""16x16"" fill=""currentColor"" width=""16"" height=""16"" focusable=""false"">
  <path d=""M14 7v2H2V7h12z""></path>
</svg></li-icon>
        <span class=""a11y-text"">Collapse Persona filter</span>
      </button>
  </div>

<!---->
<!---->
<!---->
<!---->
    <div class=""mt3 mb2"">
      
  
<div id=""ember4674"" class=""artdeco-typeahead ember-view"">
<!---->
<!---->
  <ul data-count=""2"" aria-label=""Persona filter suggestions"" role=""listbox"" id=""ember4674-a11y"" class=""artdeco-typeahead__results-list ember-view mt2 _list_tc938"">
      <div>
              <li aria-selected=""false"" role=""option"" id=""ember4677"" class=""artdeco-typeahead__result ember-view  pv1 ph4 relative"" aria-label=""Include “CXO” in Persona filter"">
                
  <div class=""button--fill-click-area pl2 pr1 ml-1 t-14 nowrap-ellipsis button--unstyled full-width text-align-left cursor-pointer"" tabindex=""0"">
    CXO

<!---->  </div>

              
</li>
              <li aria-selected=""false"" role=""option"" id=""ember4678"" class=""artdeco-typeahead__result ember-view  pv1 ph4 relative"" aria-label=""Include “Director+” in Persona filter"">
                
  <div class=""button--fill-click-area pl2 pr1 ml-1 t-14 nowrap-ellipsis button--unstyled full-width text-align-left cursor-pointer"" tabindex=""0"">
    Director+

<!---->  </div>

              
</li>
      </div>
  </ul>


  <div class=""artdeco-typeahead__a11y-text"" aria-live=""polite"">
<!---->  </div>
</div>


  <div role=""alert"">
<!----></div>

<!---->

<!---->    </div>

<!----></fieldset>""",
,201-500,,Non Profit,,Arts and Design,,Vice President,,3 to 5 years,3 to 5 years,,Optometrists,,,,3 to 5 years,,,,,,
,"501-1,000",,Educational Institution,,Business Development,,Director,,6 to 10 years,6 to 10 years,,Computer Hardware Manufacturing,,,,6 to 10 years,,,,,,
,"1,001-5,000",,Partnership,,Community and Social Services,,Experienced Manager,,More than 10 years,More than 10 years,,Software Development,,,,More than 10 years,,,,,,
,"5,001-10,000",,Self Employed,,Consulting,,Entry Level Manager,,,,,Computer Networking Products,,,,,,,,,,
,"10,001+",,Self Owned,,Education,,Strategic,,,,,Transportation Equipment Manufacturing,,,,,,,,,,
,,,Government Agency,,Engineering,,Senior,,,,,"Technology, Information and Internet",,,,,,,,,,
,,,,,Entrepreneurship,,Entry Level,,,,,"Physical, Occupational and Speech Therapists",,,,,,,,,,
,,,,,Finance,,In Training,,,,,Semiconductor Manufacturing,,,,,,,,,,
,,,,,Healthcare Services,,,,,,,Telecommunications,,,,,,,,,,
,,,,,Human Resources,,,,,,,Law Practice,,,,,,,,,,
,,,,,Information Technology,,,,,,,Housing Programs,,,,,,,,,,
,,,,,Legal,,,,,,,Legal Services,,,,,,,,,,
,,,,,Marketing,,,,,,,Business Consulting and Services,,,,,,,,,,
,,,,,Media and Communication,,,,,,,Biotechnology Research,,,,,,,,,,
,,,,,Military and Protective Services,,,,,,,Family Planning Centers,,,,,,,,,,
,,,,,Operations,,,,,,,Medical Practices,,,,,,,,,,
,,,,,Product Management,,,,,,,Transportation Programs,,,,,,,,,,
,,,,,Program and Project Management,,,,,,,Hospitals and Health Care,,,,,,,,,,
,,,,,Purchasing,,,,,,,Utilities Administration,,,,,,,,,,
,,,,,Quality Assurance,,,,,,,Pharmaceutical Manufacturing,,,,,,,,,,
,,,,,Real Estate,,,,,,,Outpatient Care Centers,,,,,,,,,,
,,,,,Research,,,,,,,Veterinary Services,,,,,,,,,,
,,,,,Sales,,,,,,,Medical Equipment Manufacturing,,,,,,,,,,
,,,,,Customer Success and Support,,,,,,,Space Research and Technology,,,,,,,,,,
,,,,,,,,,,,,Personal Care Product Manufacturing,,,,,,,,,,
,,,,,,,,,,,,Motor Vehicle Parts Manufacturing,,,,,,,,,,
,,,,,,,,,,,,Retail Apparel and Fashion,,,,,,,,,,
,,,,,,,,,,,,Sporting Goods Manufacturing,,,,,,,,,,
,,,,,,,,,,,,Tobacco Manufacturing,,,,,,,,,,
,,,,,,,,,,,,Medical and Diagnostic Laboratories,,,,,,,,,,
,,,,,,,,,,,,Retail Groceries,,,,,,,,,,
,,,,,,,,,,,,Food and Beverage Manufacturing,,,,,,,,,,
,,,,,,,,,,,,Oil Extraction,,,,,,,,,,
,,,,,,,,,,,,Computers and Electronics Manufacturing,,,,,,,,,,
,,,,,,,,,,,,Natural Gas Extraction,,,,,,,,,,
,,,,,,,,,,,,Manufacturing,,,,,,,,,,
,,,,,,,,,,,,Furniture and Home Furnishings Manufacturing,,,,,,,,,,
,,,,,,,,,,,,Home Health Care Services,,,,,,,,,,
,,,,,,,,,,,,Retail,,,,,,,,,,
,,,,,,,,,,,,Embedded Software Products,,,,,,,,,,
,,,,,,,,,,,,Entertainment Providers,,,,,,,,,,
,,,,,,,,,,,,Mobile Computing Software Products,,,,,,,,,,
,,,,,,,,,,,,Gambling Facilities and Casinos,,,,,,,,,,
,,,,,,,,,,,,Ambulance Services,,,,,,,,,,
,,,,,,,,,,,,Desktop Computing Software Products,,,,,,,,,,
,,,,,,,,,,,,Travel Arrangements,,,,,,,,,,
,,,,,,,,,,,,IT System Custom Software Development,,,,,,,,,,
,,,,,,,,,,,,Hospitality,,,,,,,,,,
,,,,,,,,,,,,IT System Operations and Maintenance,,,,,,,,,,
,,,,,,,,,,,,Restaurants,,,,,,,,,,
,,,,,,,,,,,,IT System Installation and Disposal,,,,,,,,,,
,,,,,,,,,,,,Spectator Sports,,,,,,,,,,
,,,,,,,,,,,,Hospitals,,,,,,,,,,
,,,,,,,,,,,,IT System Training and Support,,,,,,,,,,
,,,,,,,,,,,,Food and Beverage Services,,,,,,,,,,
,,,,,,,,,,,,IT System Data Services,,,,,,,,,,
,,,,,,,,,,,,"Movies, Videos, and Sound",,,,,,,,,,
,,,,,,,,,,,,IT System Testing and Evaluation,,,,,,,,,,
,,,,,,,,,,,,Broadcast Media Production and Distribution,,,,,,,,,,
,,,,,,,,,,,,"Museums, Historical Sites, and Zoos",,,,,,,,,,
,,,,,,,,,,,,Artists and Writers,,,,,,,,,,
,,,,,,,,,,,,Performing Arts,,,,,,,,,,
,,,,,,,,,,,,Recreational Facilities,,,,,,,,,,
,,,,,,,,,,,,Banking,,,,,,,,,,
,,,,,,,,,,,,Insurance,,,,,,,,,,
,,,,,,,,,,,,Financial Services,,,,,,,,,,
,,,,,,,,,,,,Nursing Homes and Residential Care Facilities,,,,,,,,,,
,,,,,,,,,,,,Real Estate,,,,,,,,,,
,,,,,,,,,,,,Investment Banking,,,,,,,,,,
,,,,,,,,,,,,Investment Management,,,,,,,,,,
,,,,,,,,,,,,Accounting,,,,,,,,,,
,,,,,,,,,,,,Construction,,,,,,,,,,
,,,,,,,,,,,,Wholesale Building Materials,,,,,,,,,,
,,,,,,,,,,,,Architecture and Planning,,,,,,,,,,
,,,,,,,,,,,,Civil Engineering,,,,,,,,,,
,,,,,,,,,,,,Aviation and Aerospace Component Manufacturing,,,,,,,,,,
,,,,,,,,,,,,Internet News,,,,,,,,,,
,,,,,,,,,,,,Motor Vehicle Manufacturing,,,,,,,,,,
,,,,,,,,,,,,Blogs,,,,,,,,,,
,,,,,,,,,,,,Chemical Manufacturing,,,,,,,,,,
,,,,,,,,,,,,Interior Design,,,,,,,,,,
,,,,,,,,,,,,Machinery Manufacturing,,,,,,,,,,
,,,,,,,,,,,,Social Networking Platforms,,,,,,,,,,
,,,,,,,,,,,,Mining,,,,,,,,,,
,,,,,,,,,,,,Household and Institutional Furniture Manufacturing,,,,,,,,,,
,,,,,,,,,,,,Business Intelligence Platforms,,,,,,,,,,
,,,,,,,,,,,,Oil and Gas,,,,,,,,,,
,,,,,,,,,,,,Business Content,,,,,,,,,,
,,,,,,,,,,,,Shipbuilding,,,,,,,,,,
,,,,,,,,,,,,Data Security Software Products,,,,,,,,,,
,,,,,,,,,,,,Utilities,,,,,,,,,,
,,,,,,,,,,,,Mobile Gaming Apps,,,,,,,,,,
,,,,,,,,,,,,Textile Manufacturing,,,,,,,,,,
,,,,,,,,,,,,Internet Publishing,,,,,,,,,,
,,,,,,,,,,,,Paper and Forest Product Manufacturing,,,,,,,,,,
,,,,,,,,,,,,Media and Telecommunications,,,,,,,,,,
,,,,,,,,,,,,Railroad Equipment Manufacturing,,,,,,,,,,
,,,,,,,,,,,,Blockchain Services,,,,,,,,,,
,,,,,,,,,,,,Farming,,,,,,,,,,
,,,,,,,,,,,,Ranching,,,,,,,,,,
,,,,,,,,,,,,Services for the Elderly and Disabled,,,,,,,,,,
,,,,,,,,,,,,Dairy Product Manufacturing,,,,,,,,,,
,,,,,,,,,,,,Fisheries,,,,,,,,,,
,,,,,,,,,,,,Office Furniture and Fixtures Manufacturing,,,,,,,,,,
,,,,,,,,,,,,Primary and Secondary Education,,,,,,,,,,
,,,,,,,,,,,,Community Services,,,,,,,,,,
,,,,,,,,,,,,Higher Education,,,,,,,,,,
,,,,,,,,,,,,Education Administration Programs,,,,,,,,,,
,,,,,,,,,,,,Research Services,,,,,,,,,,
,,,,,,,,,,,,Armed Forces,,,,,,,,,,
,,,,,,,,,,,,Mattress and Blinds Manufacturing,,,,,,,,,,
,,,,,,,,,,,,Legislative Offices,,,,,,,,,,
,,,,,,,,,,,,Administration of Justice,,,,,,,,,,
,,,,,,,,,,,,International Affairs,,,,,,,,,,
,,,,,,,,,,,,Emergency and Relief Services,,,,,,,,,,
,,,,,,,,,,,,Government Administration,,,,,,,,,,
,,,,,,,,,,,,Executive Offices,,,,,,,,,,
,,,,,,,,,,,,Law Enforcement,,,,,,,,,,
,,,,,,,,,,,,Vocational Rehabilitation Services,,,,,,,,,,
,,,,,,,,,,,,Public Safety,,,,,,,,,,
,,,,,,,,,,,,Public Policy Offices,,,,,,,,,,
,,,,,,,,,,,,Advertising Services,,,,,,,,,,
,,,,,,,,,,,,Child Day Care Services,,,,,,,,,,
,,,,,,,,,,,,Newspaper Publishing,,,,,,,,,,
,,,,,,,,,,,,Book and Periodical Publishing,,,,,,,,,,
,,,,,,,,,,,,Performing Arts and Spectator Sports,,,,,,,,,,
,,,,,,,,,,,,Printing Services,,,,,,,,,,
,,,,,,,,,,,,Information Services,,,,,,,,,,
,,,,,,,,,,,,Libraries,,,,,,,,,,
,,,,,,,,,,,,Theater Companies,,,,,,,,,,
,,,,,,,,,,,,Environmental Services,,,,,,,,,,
,,,,,,,,,,,,Freight and Package Transportation,,,,,,,,,,
,,,,,,,,,,,,Dance Companies,,,,,,,,,,
,,,,,,,,,,,,Individual and Family Services,,,,,,,,,,
,,,,,,,,,,,,Religious Institutions,,,,,,,,,,
,,,,,,,,,,,,Civic and Social Organizations,,,,,,,,,,
,,,,,,,,,,,,Consumer Services,,,,,,,,,,
,,,,,,,,,,,,Circuses and Magic Shows,,,,,,,,,,
,,,,,,,,,,,,Truck Transportation,,,,,,,,,,
,,,,,,,,,,,,Warehousing and Storage,,,,,,,,,,
,,,,,,,,,,,,Airlines and Aviation,,,,,,,,,,
,,,,,,,,,,,,Sports Teams and Clubs,,,,,,,,,,
,,,,,,,,,,,,Maritime Transportation,,,,,,,,,,
,,,,,,,,,,,,Racetracks,,,,,,,,,,
,,,,,,,,,,,,IT Services and IT Consulting,,,,,,,,,,
,,,,,,,,,,,,Market Research,,,,,,,,,,
,,,,,,,,,,,,Public Relations and Communications Services,,,,,,,,,,
,,,,,,,,,,,,Design Services,,,,,,,,,,
,,,,,,,,,,,,Non-profit Organizations,,,,,,,,,,
,,,,,,,,,,,,Fundraising,,,,,,,,,,
,,,,,,,,,,,,Strategic Management Services,,,,,,,,,,
,,,,,,,,,,,,Writing and Editing,,,,,,,,,,
,,,,,,,,,,,,Staffing and Recruiting,,,,,,,,,,
,,,,,,,,,,,,Wholesale Motor Vehicles and Parts,,,,,,,,,,
,,,,,,,,,,,,Professional Training and Coaching,,,,,,,,,,
,,,,,,,,,,,,Venture Capital and Private Equity Principals,,,,,,,,,,
,,,,,,,,,,,,Political Organizations,,,,,,,,,,
,,,,,,,,,,,,Translation and Localization,,,,,,,,,,
,,,,,,,,,,,,Computer Games,,,,,,,,,,
,,,,,,,,,,,,Events Services,,,,,,,,,,
,,,,,,,,,,,,Retail Art Supplies,,,,,,,,,,
,,,,,,,,,,,,Museums,,,,,,,,,,
,,,,,,,,,,,,"Appliances, Electrical, and Electronics Manufacturing",,,,,,,,,,
,,,,,,,,,,,,Online Audio and Video Media,,,,,,,,,,
,,,,,,,,,,,,Wholesale Furniture and Home Furnishings,,,,,,,,,,
,,,,,,,,,,,,Historical Sites,,,,,,,,,,
,,,,,,,,,,,,Nanotechnology Research,,,,,,,,,,
,,,,,,,,,,,,Retail Art Dealers,,,,,,,,,,
,,,,,,,,,,,,Musicians,,,,,,,,,,
,,,,,,,,,,,,Zoos and Botanical Gardens,,,,,,,,,,
,,,,,,,,,,,,Defense & Space,,,,,,,,,,
,,,,,,,,,,,,"Transportation, Logistics, Supply Chain and Storage",,,,,,,,,,
,,,,,,,,,,,,Veterinary,,,,,,,,,,
,,,,,,,,,,,,Plastics Manufacturing,,,,,,,,,,
,,,,,,,,,,,,Cosmetics,,,,,,,,,,
,,,,,,,,,,,,Computer and Network Security,,,,,,,,,,
,,,,,,,,,,,,Apparel & Fashion,,,,,,,,,,
,,,,,,,,,,,,Wireless Services,,,,,,,,,,
,,,,,,,,,,,,Amusement Parks and Arcades,,,,,,,,,,
,,,,,,,,,,,,Consumer Electronics,,,,,,,,,,
,,,,,,,,,,,,Alternative Dispute Resolution,,,,,,,,,,
,,,,,,,,,,,,Consumer Goods,,,,,,,,,,
,,,,,,,,,,,,Security and Investigations,,,,,,,,,,
,,,,,,,,,,,,Furniture,,,,,,,,,,
,,,,,,,,,,,,Facilities Services,,,,,,,,,,
,,,,,,,,,,,,"Leisure, Travel & Tourism",,,,,,,,,,
,,,,,,,,,,,,Outsourcing and Offshoring Consulting,,,,,,,,,,
,,,,,,,,,,,,Food & Beverages,,,,,,,,,,
,,,,,,,,,,,,Wellness and Fitness Services,,,,,,,,,,
,,,,,,,,,,,,Fine Art,,,,,,,,,,
,,,,,,,,,,,,Alternative Medicine,,,,,,,,,,
,,,,,,,,,,,,Building Materials,,,,,,,,,,
,,,,,,,,,,,,Media Production,,,,,,,,,,
,,,,,,,,,,,,Automotive,,,,,,,,,,
,,,,,,,,,,,,Animation and Post-production,,,,,,,,,,
,,,,,,,,,,,,Dairy,,,,,,,,,,
,,,,,,,,,,,,Leasing Non-residential Real Estate,,,,,,,,,,
,,,,,,,,,,,,Education Management,,,,,,,,,,
,,,,,,,,,,,,Capital Markets,,,,,,,,,,
,,,,,,,,,,,,Wholesale Photography Equipment and Supplies,,,,,,,,,,
,,,,,,,,,,,,Public Policy,,,,,,,,,,
,,,,,,,,,,,,Think Tanks,,,,,,,,,,
,,,,,,,,,,,,Non-profit Organization Management,,,,,,,,,,
,,,,,,,,,,,,Philanthropic Fundraising Services,,,,,,,,,,
,,,,,,,,,,,,Golf Courses and Country Clubs,,,,,,,,,,
,,,,,,,,,,,,Program Development,,,,,,,,,,
,,,,,,,,,,,,E-Learning Providers,,,,,,,,,,
,,,,,,,,,,,,Arts & Crafts,,,,,,,,,,
,,,,,,,,,,,,Wholesale,,,,,,,,,,
,,,,,,,,,,,,Wholesale Computer Equipment,,,,,,,,,,
,,,,,,,,,,,,Skiing Facilities,,,,,,,,,,
,,,,,,,,,,,,Music,,,,,,,,,,
,,,,,,,,,,,,Wholesale Import and Export,,,,,,,,,,
,,,,,,,,,,,,Outsourcing/Offshoring,,,,,,,,,,
,,,,,,,,,,,,Industrial Machinery Manufacturing,,,,,,,,,,
,,,,,,,,,,,,"Health, Wellness & Fitness",,,,,,,,,,
,,,,,,,,,,,,Photography,,,,,,,,,,
,,,,,,,,,,,,E-learning,,,,,,,,,,
,,,,,,,,,,,,Human Resources Services,,,,,,,,,,
,,,,,,,,,,,,Import & Export,,,,,,,,,,
,,,,,,,,,,,,Retail Office Equipment,,,,,,,,,,
,,,,,,,,,,,,Human Resources,,,,,,,,,,
,,,,,,,,,,,,Mental Health Care,,,,,,,,,,
,,,,,,,,,,,,Business Supplies & Equipment,,,,,,,,,,
,,,,,,,,,,,,Graphic Design,,,,,,,,,,
,,,,,,,,,,,,Luxury Goods & Jewelry,,,,,,,,,,
,,,,,,,,,,,,International Trade and Development,,,,,,,,,,
,,,,,,,,,,,,Renewables & Environment,,,,,,,,,,
,,,,,,,,,,,,Beverage Manufacturing,,,,,,,,,,
,,,,,,,,,,,,Wholesale Metals and Minerals,,,,,,,,,,
,,,,,,,,,,,,Accommodation and Food Services,,,,,,,,,,
,,,,,,,,,,,,Online Media,,,,,,,,,,
,,,,,,,,,,,,Retail Luxury Goods and Jewelry,,,,,,,,,,
,,,,,,,,,,,,Animation,,,,,,,,,,
,,,,,,,,,,,,Renewable Energy Semiconductor Manufacturing,,,,,,,,,,
,,,,,,,,,,,,Industrial Automation,,,,,,,,,,
,,,,,,,,,,,,"Glass, Ceramics and Concrete Manufacturing",,,,,,,,,,
,,,,,,,,,,,,Medical Device,,,,,,,,,,
,,,,,,,,,,,,Packaging and Containers Manufacturing,,,,,,,,,,
,,,,,,,,,,,,Hotels and Motels,,,,,,,,,,
,,,,,,,,,,,,Semiconductors,,,,,,,,,,
,,,,,,,,,,,,Automation Machinery Manufacturing,,,,,,,,,,
,,,,,,,,,,,,"Wholesale Appliances, Electrical, and Electronics",,,,,,,,,,
,,,,,,,,,,,,Commercial Real Estate,,,,,,,,,,
,,,,,,,,,,,,Government Relations Services,,,,,,,,,,
,,,,,,,,,,,,Wine & Spirits,,,,,,,,,,
,,,,,,,,,,,,"Bed-and-Breakfasts, Hostels, Homestays",,,,,,,,,,
,,,,,,,,,,,,Mechanical Or Industrial Engineering,,,,,,,,,,
,,,,,,,,,,,,Horticulture,,,,,,,,,,
,,,,,,,,,,,,Transportation/Trucking/Railroad,,,,,,,,,,
,,,,,,,,,,,,Packaging & Containers,,,,,,,,,,
,,,,,,,,,,,,Food Production,,,,,,,,,,
,,,,,,,,,,,,Sporting Goods,,,,,,,,,,
,,,,,,,,,,,,"Wholesale Hardware, Plumbing, Heating Equipment",,,,,,,,,,
,,,,,,,,,,,,Aviation & Aerospace,,,,,,,,,,
,,,,,,,,,,,,Design,,,,,,,,,,
,,,,,,,,,,,,Tobacco,,,,,,,,,,
,,,,,,,,,,,,Warehousing,,,,,,,,,,
,,,,,,,,,,,,Philanthropy,,,,,,,,,,
,,,,,,,,,,,,Information Technology & Services,,,,,,,,,,
,,,,,,,,,,,,Government Relations,,,,,,,,,,
,,,,,,,,,,,,Research,,,,,,,,,,
,,,,,,,,,,,,Computer Networking,,,,,,,,,,
,,,,,,,,,,,,Wholesale Machinery,,,,,,,,,,
,,,,,,,,,,,,Computer Hardware,,,,,,,,,,
,,,,,,,,,,,,Caterers,,,,,,,,,,
,,,,,,,,,,,,Maritime,,,,,,,,,,
,,,,,,,,,,,,Entertainment,,,,,,,,,,
,,,,,,,,,,,,Mobile Food Services,,,,,,,,,,
,,,,,,,,,,,,Biotechnology,,,,,,,,,,
,,,,,,,,,,,,Paper & Forest Products,,,,,,,,,,
,,,,,,,,,,,,Renewable Energy Power Generation,,,,,,,,,,
,,,,,,,,,,,,"Bars, Taverns, and Nightclubs",,,,,,,,,,
,,,,,,,,,,,,Renewable Energy Equipment Manufacturing,,,,,,,,,,
,,,,,,,,,,,,Engineering Services,,,,,,,,,,
,,,,,,,,,,,,Services for Renewable Energy,,,,,,,,,,
,,,,,,,,,,,,Digital Accessibility Services,,,,,,,,,,
,,,,,,,,,,,,Accessible Hardware Manufacturing,,,,,,,,,,
,,,,,,,,,,,,Accessible Architecture and Design,,,,,,,,,,
,,,,,,,,,,,,Robot Manufacturing,,,,,,,,,,
,,,,,,,,,,,,Robotics Engineering,,,,,,,,,,
,,,,,,,,,,,,Repair and Maintenance,,,,,,,,,,
,,,,,,,,,,,,Surveying and Mapping Services,,,,,,,,,,
,,,,,,,,,,,,Vehicle Repair and Maintenance,,,,,,,,,,
,,,,,,,,,,,,Retail Pharmacies,,,,,,,,,,
,,,,,,,,,,,,Climate Technology Product Manufacturing,,,,,,,,,,
,,,,,,,,,,,,Climate Data and Analytics,,,,,,,,,,
,,,,,,,,,,,,Alternative Fuel Vehicle Manufacturing,,,,,,,,,,
,,,,,,,,,,,,Wholesale Recyclable Materials,,,,,,,,,,
,,,,,,,,,,,,Smart Meter Manufacturing,,,,,,,,,,
,,,,,,,,,,,,Fuel Cell Manufacturing,,,,,,,,,,
,,,,,,,,,,,,Wholesale Luxury Goods and Jewelry,,,,,,,,,,
,,,,,,,,,,,,Regenerative Design,,,,,,,,,,
,,,,,,,,,,,,Funeral Services,,,,,,,,,,
,,,,,,,,,,,,Death Care Services,,,,,,,,,,
,,,,,,,,,,,,Energy Technology,,,,,,,,,,
,,,,,,,,,,,,Wholesale Paper Products,,,,,,,,,,
,,,,,,,,,,,,Electronic and Precision Equipment Maintenance,,,,,,,,,,
,,,,,,,,,,,,Wholesale Drugs and Sundries,,,,,,,,,,
,,,,,,,,,,,,Wholesale Apparel and Sewing Supplies,,,,,,,,,,
,,,,,,,,,,,,Commercial and Industrial Machinery Maintenance,,,,,,,,,,
,,,,,,,,,,,,"Farming, Ranching, Forestry",,,,,,,,,,
,,,,,,,,,,,,Reupholstery and Furniture Repair,,,,,,,,,,
,,,,,,,,,,,,Wholesale Footwear,,,,,,,,,,
,,,,,,,,,,,,Wholesale Food and Beverage,,,,,,,,,,
,,,,,,,,,,,,Footwear and Leather Goods Repair,,,,,,,,,,
,,,,,,,,,,,,Personal and Laundry Services,,,,,,,,,,
,,,,,,,,,,,,Personal Care Services,,,,,,,,,,
,,,,,,,,,,,,Laundry and Drycleaning Services,,,,,,,,,,
,,,,,,,,,,,,Wholesale Raw Farm Products,,,,,,,,,,
,,,,,,,,,,,,Wholesale Chemical and Allied Products,,,,,,,,,,
,,,,,,,,,,,,Pet Services,,,,,,,,,,
,,,,,,,,,,,,Wholesale Petroleum and Petroleum Products,,,,,,,,,,
,,,,,,,,,,,,Wholesale Alcoholic Beverages,,,,,,,,,,
,,,,,,,,,,,,Ranching and Fisheries,,,,,,,,,,
,,,,,,,,,,,,Internet Marketplace Platforms,,,,,,,,,,
,,,,,,,,,,,,Retail Motor Vehicles,,,,,,,,,,
,,,,,,,,,,,,Household Services,,,,,,,,,,
,,,,,,,,,,,,Retail Furniture and Home Furnishings,,,,,,,,,,
,,,,,,,,,,,,"Retail Appliances, Electrical, and Electronic Equipment",,,,,,,,,,
,,,,,,,,,,,,Forestry and Logging,,,,,,,,,,
,,,,,,,,,,,,Retail Building Materials and Garden Equipment,,,,,,,,,,
,,,,,,,,,,,,Health and Human Services,,,,,,,,,,
,,,,,,,,,,,,Public Health,,,,,,,,,,
,,,,,,,,,,,,Public Assistance Programs,,,,,,,,,,
,,,,,,,,,,,,Food and Beverage Retail,,,,,,,,,,
,,,,,,,,,,,,"Air, Water, and Waste Program Management",,,,,,,,,,
,,,,,,,,,,,,Conservation Programs,,,,,,,,,,
,,,,,,,,,,,,Housing and Community Development,,,,,,,,,,
,,,,,,,,,,,,Community Development and Urban Planning,,,,,,,,,,
,,,,,,,,,,,,Economic Programs,,,,,,,,,,
,,,,,,,,,,,,"Oil, Gas, and Mining",,,,,,,,,,
,,,,,,,,,,,,Retail Health and Personal Care Products,,,,,,,,,,
,,,,,,,,,,,,Coal Mining,,,,,,,,,,
,,,,,,,,,,,,Military and International Affairs,,,,,,,,,,
,,,,,,,,,,,,Metal Ore Mining,,,,,,,,,,
,,,,,,,,,,,,Retail Gasoline,,,,,,,,,,
,,,,,,,,,,,,Operations Consulting,,,,,,,,,,
,,,,,,,,,,,,Nonmetallic Mineral Mining,,,,,,,,,,
,,,,,,,,,,,,"Electric Power Transmission, Control, and Distribution",,,,,,,,,,
,,,,,,,,,,,,Electric Power Generation,,,,,,,,,,
,,,,,,,,,,,,Retail Musical Instruments,,,,,,,,,,
,,,,,,,,,,,,Hydroelectric Power Generation,,,,,,,,,,
,,,,,,,,,,,,Fossil Fuel Electric Power Generation,,,,,,,,,,
,,,,,,,,,,,,Retail Books and Printed News,,,,,,,,,,
,,,,,,,,,,,,Nuclear Electric Power Generation,,,,,,,,,,
,,,,,,,,,,,,Solar Electric Power Generation,,,,,,,,,,
,,,,,,,,,,,,Environmental Quality Programs,,,,,,,,,,
,,,,,,,,,,,,Geothermal Electric Power Generation,,,,,,,,,,
,,,,,,,,,,,,Biomass Electric Power Generation,,,,,,,,,,
,,,,,,,,,,,,Natural Gas Distribution,,,,,,,,,,
,,,,,,,,,,,,"Water, Waste, Steam, and Air Conditioning Services",,,,,,,,,,
,,,,,,,,,,,,Retail Florists,,,,,,,,,,
,,,,,,,,,,,,Water Supply and Irrigation Systems,,,,,,,,,,
,,,,,,,,,,,,Retail Office Supplies and Gifts,,,,,,,,,,
,,,,,,,,,,,,Steam and Air-Conditioning Supply,,,,,,,,,,
,,,,,,,,,,,,Building Construction,,,,,,,,,,
,,,,,,,,,,,,Retail Recyclable Materials & Used Merchandise,,,,,,,,,,
,,,,,,,,,,,,Residential Building Construction,,,,,,,,,,
,,,,,,,,,,,,Data Infrastructure and Analytics,,,,,,,,,,
,,,,,,,,,,,,Nonresidential Building Construction,,,,,,,,,,
,,,,,,,,,,,,Utility System Construction,,,,,,,,,,
,,,,,,,,,,,,Electrical Equipment Manufacturing,,,,,,,,,,
,,,,,,,,,,,,Online and Mail Order Retail,,,,,,,,,,
,,,,,,,,,,,,Subdivision of Land,,,,,,,,,,
,,,,,,,,,,,,"Highway, Street, and Bridge Construction",,,,,,,,,,
,,,,,,,,,,,,Specialty Trade Contractors,,,,,,,,,,
,,,,,,,,,,,,Building Structure and Exterior Contractors,,,,,,,,,,
,,,,,,,,,,,,Wind Electric Power Generation,,,,,,,,,,
,,,,,,,,,,,,Wineries,,,,,,,,,,
,,,,,,,,,,,,Building Equipment Contractors,,,,,,,,,,
,,,,,,,,,,,,Rail Transportation,,,,,,,,,,
,,,,,,,,,,,,Building Finishing Contractors,,,,,,,,,,
,,,,,,,,,,,,Ground Passenger Transportation,,,,,,,,,,
,,,,,,,,,,,,Urban Transit Services,,,,,,,,,,
,,,,,,,,,,,,Interurban and Rural Bus Services,,,,,,,,,,
,,,,,,,,,,,,Animal Feed Manufacturing,,,,,,,,,,
,,,,,,,,,,,,Taxi and Limousine Services,,,,,,,,,,
,,,,,,,,,,,,School and Employee Bus Services,,,,,,,,,,
,,,,,,,,,,,,Shuttles and Special Needs Transportation Services,,,,,,,,,,
,,,,,,,,,,,,Sugar and Confectionery Product Manufacturing,,,,,,,,,,
,,,,,,,,,,,,Pipeline Transportation,,,,,,,,,,
,,,,,,,,,,,,Fruit and Vegetable Preserves Manufacturing,,,,,,,,,,
,,,,,,,,,,,,Sightseeing Transportation,,,,,,,,,,
,,,,,,,,,,,,Meat Products Manufacturing,,,,,,,,,,
,,,,,,,,,,,,Seafood Product Manufacturing,,,,,,,,,,
,,,,,,,,,,,,Baked Goods Manufacturing,,,,,,,,,,
,,,,,,,,,,,,Postal Services,,,,,,,,,,
,,,,,,,,,,,,Breweries,,,,,,,,,,
,,,,,,,,,,,,Distilleries,,,,,,,,,,
,,,,,,,,,,,,"Technology, Information and Media",,,,,,,,,,
,,,,,,,,,,,,Periodical Publishing,,,,,,,,,,
,,,,,,,,,,,,Book Publishing,,,,,,,,,,
,,,,,,,,,,,,Movies and Sound Recording,,,,,,,,,,
,,,,,,,,,,,,Apparel Manufacturing,,,,,,,,,,
,,,,,,,,,,,,Sound Recording,,,,,,,,,,
,,,,,,,,,,,,Sheet Music Publishing,,,,,,,,,,
,,,,,,,,,,,,Radio and Television Broadcasting,,,,,,,,,,
,,,,,,,,,,,,Fashion Accessories Manufacturing,,,,,,,,,,
,,,,,,,,,,,,Leather Product Manufacturing,,,,,,,,,,
,,,,,,,,,,,,Cable and Satellite Programming,,,,,,,,,,
,,,,,,,,,,,,Telecommunications Carriers,,,,,,,,,,
,,,,,,,,,,,,Footwear Manufacturing,,,,,,,,,,
,,,,,,,,,,,,Women's Handbag Manufacturing,,,,,,,,,,
,,,,,,,,,,,,Satellite Telecommunications,,,,,,,,,,
,,,,,,,,,,,,Credit Intermediation,,,,,,,,,,
,,,,,,,,,,,,Savings Institutions,,,,,,,,,,
,,,,,,,,,,,,Loan Brokers,,,,,,,,,,
,,,,,,,,,,,,Oil and Coal Product Manufacturing,,,,,,,,,,
,,,,,,,,,,,,Securities and Commodity Exchanges,,,,,,,,,,
,,,,,,,,,,,,Chemical Raw Materials Manufacturing,,,,,,,,,,
,,,,,,,,,,,,Investment Advice,,,,,,,,,,
,,,,,,,,,,,,Insurance Carriers,,,,,,,,,,
,,,,,,,,,,,,Artificial Rubber and Synthetic Fiber Manufacturing,,,,,,,,,,
,,,,,,,,,,,,Agricultural Chemical Manufacturing,,,,,,,,,,
,,,,,,,,,,,,Insurance Agencies and Brokerages,,,,,,,,,,
,,,,,,,,,,,,"Claims Adjusting, Actuarial Services",,,,,,,,,,
,,,,,,,,,,,,Funds and Trusts,,,,,,,,,,
,,,,,,,,,,,,Insurance and Employee Benefit Funds,,,,,,,,,,
,,,,,,,,,,,,Pension Funds,,,,,,,,,,
,,,,,,,,,,,,"Paint, Coating, and Adhesive Manufacturing",,,,,,,,,,
,,,,,,,,,,,,Trusts and Estates,,,,,,,,,,
,,,,,,,,,,,,Soap and Cleaning Product Manufacturing,,,,,,,,,,
,,,,,,,,,,,,Real Estate and Equipment Rental Services,,,,,,,,,,
,,,,,,,,,,,,Leasing Residential Real Estate,,,,,,,,,,
,,,,,,,,,,,,Plastics and Rubber Product Manufacturing,,,,,,,,,,
,,,,,,,,,,,,Real Estate Agents and Brokers,,,,,,,,,,
,,,,,,,,,,,,Equipment Rental Services,,,,,,,,,,
,,,,,,,,,,,,Consumer Goods Rental,,,,,,,,,,
,,,,,,,,,,,,Rubber Products Manufacturing,,,,,,,,,,
,,,,,,,,,,,,Clay and Refractory Products Manufacturing,,,,,,,,,,
,,,,,,,,,,,,Commercial and Industrial Equipment Rental,,,,,,,,,,
,,,,,,,,,,,,Glass Product Manufacturing,,,,,,,,,,
,,,,,,,,,,,,Wood Product Manufacturing,,,,,,,,,,
,,,,,,,,,,,,Professional Services,,,,,,,,,,
,,,,,,,,,,,,Lime and Gypsum Products Manufacturing,,,,,,,,,,
,,,,,,,,,,,,Abrasives and Nonmetallic Minerals Manufacturing,,,,,,,,,,
,,,,,,,,,,,,Primary Metal Manufacturing,,,,,,,,,,
,,,,,,,,,,,,IT System Design Services,,,,,,,,,,
,,,,,,,,,,,,Marketing Services,,,,,,,,,,
,,,,,,,,,,,,Fabricated Metal Products,,,,,,,,,,
,,,,,,,,,,,,Cutlery and Handtool Manufacturing,,,,,,,,,,
,,,,,,,,,,,,Architectural and Structural Metal Manufacturing,,,,,,,,,,
,,,,,,,,,,,,"Boilers, Tanks, and Shipping Container Manufacturing",,,,,,,,,,
,,,,,,,,,,,,Construction Hardware Manufacturing,,,,,,,,,,
,,,,,,,,,,,,Spring and Wire Product Manufacturing,,,,,,,,,,
,,,,,,,,,,,,Turned Products and Fastener Manufacturing,,,,,,,,,,
,,,,,,,,,,,,Holding Companies,,,,,,,,,,
,,,,,,,,,,,,Metal Treatments,,,,,,,,,,
,,,,,,,,,,,,Industry Associations,,,,,,,,,,
,,,,,,,,,,,,Landscaping Services,,,,,,,,,,
,,,,,,,,,,,,"Metal Valve, Ball, and Roller Manufacturing",,,,,,,,,,
,,,,,,,,,,,,Professional Organizations,,,,,,,,,,
,,,,,,,,,,,,Administrative and Support Services,,,,,,,,,,
,,,,,,,,,,,,Office Administration,,,,,,,,,,
,,,,,,,,,,,,Executive Search Services,,,,,,,,,,
,,,,,,,,,,,,"Agriculture, Construction, Mining Machinery Manufacturing",,,,,,,,,,
,,,,,,,,,,,,Temporary Help Services,,,,,,,,,,
,,,,,,,,,,,,Telephone Call Centers,,,,,,,,,,
,,,,,,,,,,,,Collection Agencies,,,,,,,,,,
,,,,,,,,,,,,Commercial and Service Industry Machinery Manufacturing,,,,,,,,,,
,,,,,,,,,,,,HVAC and Refrigeration Equipment Manufacturing,,,,,,,,,,
,,,,,,,,,,,,Metalworking Machinery Manufacturing,,,,,,,,,,
,,,,,,,,,,,,Security Guards and Patrol Services,,,,,,,,,,
,,,,,,,,,,,,Security Systems Services,,,,,,,,,,
,,,,,,,,,,,,Engines and Power Transmission Equipment Manufacturing,,,,,,,,,,
,,,,,,,,,,,,Janitorial Services,,,,,,,,,,
,,,,,,,,,,,,Waste Collection,,,,,,,,,,
,,,,,,,,,,,,Waste Treatment and Disposal,,,,,,,,,,
,,,,,,,,,,,,Communications Equipment Manufacturing,,,,,,,,,,
,,,,,,,,,,,,Audio and Video Equipment Manufacturing,,,,,,,,,,
,,,,,,,,,,,,Education,,,,,,,,,,
,,,,,,,,,,,,Measuring and Control Instrument Manufacturing,,,,,,,,,,
,,,,,,,,,,,,Secretarial Schools,,,,,,,,,,
,,,,,,,,,,,,Magnetic and Optical Media Manufacturing,,,,,,,,,,
,,,,,,,,,,,,Technical and Vocational Training,,,,,,,,,,
,,,,,,,,,,,,Cosmetology and Barber Schools,,,,,,,,,,
,,,,,,,,,,,,Flight Training,,,,,,,,,,
,,,,,,,,,,,,Electric Lighting Equipment Manufacturing,,,,,,,,,,
,,,,,,,,,,,,Public Works,,,,,,,,,,
,,,,,,,,,,,,Fine Arts Schools,,,,,,,,,,
,,,,,,,,,,,,Parts Distribution,,,,,,,,,,
,,,,,,,,,,,,Sports and Recreation Instruction,,,,,,,,,,
,,,,,,,,,,,,Household Appliance Manufacturing,,,,,,,,,,
,,,,,,,,,,,,Language Schools,,,,,,,,,,
,,,,,,,,,,,,Physicians,,,,,,,,,,
,,,,,,,,,,,,Courts of Law,,,,,,,,,,
,,,,,,,,,,,,Correctional Institutions,,,,,,,,,,
,,,,,,,,,,,,Dentists,,,,,,,,,,
,,,,,,,,,,,,Fire Protection,,,,,,,,,,
