Company,Name,Title,Domain,Scraped_At
,Michael Ferrer,"Enterprise Account Director, Strategic Accounts",invoicecloud.com,2026-01-08 18:50:18
,David Waldman,Vice President of Product Strategy,invoicecloud.com,2026-01-08 18:50:18
,Pete Jacinto,"Senior Director, Strategy and Operations",invoicecloud.com,2026-01-08 18:50:18
,Jed Maczuba,Chief Technology Officer,invoicecloud.com,2026-01-08 18:50:18
,Tom Powers,Senior Vice President of Revenue Operations,invoicecloud.com,2026-01-08 18:50:18
,Dana Louie,"Senior Director, Strategic Programs and Chief of Staff",invoicecloud.com,2026-01-08 18:50:18
,Andrew Brown,"Senior Director, Demand Generation",invoicecloud.com,2026-01-08 18:50:18
,Maureen Morris,"Vice President of Enterprise Sales, Business Development and Emerging Markets",invoicecloud.com,2026-01-08 18:50:18
,Branden Williams,Chief Information Security Officer,invoicecloud.com,2026-01-08 18:50:18
,Rupali Kadgi,"Senior Director, of Engineering Platform and Automation",invoicecloud.com,2026-01-08 18:50:18
,Shaun Morse,Enterprise Account Director,invoicecloud.com,2026-01-08 18:50:18
,clark pierce,Vice President of Business Development,invoicecloud.com,2026-01-08 18:50:18
,Mark Daoust,Chief Customer Officer,invoicecloud.com,2026-01-08 18:50:18
,Alice Palmer,Chief Marketing Officer,invoicecloud.com,2026-01-08 18:50:18
,Dan Freund,Chief Sales Officer (CSO),invoicecloud.com,2026-01-08 18:50:18
,Maansi S D.,Head of Applause Productions,applause.com,2026-01-08 18:49:58
,Sunil Chainani,Business Head - Movies,applause.com,2026-01-08 18:49:58
,Devendra Bhandari,Head Of Finance,applause.com,2026-01-08 18:49:58
,"Segal, Deepak",Head Of Content,applause.com,2026-01-08 18:49:58
,hansal mehta,"Director, Creator - GANDHI",applause.com,2026-01-08 18:49:58
,Sanjeev Sahoo,Creative Director,applause.com,2026-01-08 18:49:58
,Akilesh Kathamuthu,Director of Photography,applause.com,2026-01-08 18:49:58
,N.Ragavanandhaa N.Ragavanandhaa,Casiting Director,applause.com,2026-01-08 18:49:58
,SONU NIGAM,Assistant Director,applause.com,2026-01-08 18:49:58
,Vikas Chandra,Series Director,applause.com,2026-01-08 18:49:58
,venkat ram,Creative Director & Production Supervisor,applause.com,2026-01-08 18:49:58
,Kevin HSU,President,applause.com,2026-01-08 18:49:58
,Gouri Dutt,Chief Assistant Director,applause.com,2026-01-08 18:49:58
,Harsha Khanna,Creative Director,applause.com,2026-01-08 18:49:58
,Jordan Maddocks,Director of Strategy & Analytics,guptamedia.com,2026-01-08 18:49:44
,Chip Cook,Director of Client Service,guptamedia.com,2026-01-08 18:49:44
,Kelly Heath,Head of People & Agency Operations,guptamedia.com,2026-01-08 18:49:44
,Billy Philhower,Account Director,guptamedia.com,2026-01-08 18:49:44
,Joe Schlesinger,Group Account Director,guptamedia.com,2026-01-08 18:49:44
,Carly Carioli,Director of Communications,guptamedia.com,2026-01-08 18:49:44
,Sara Noel,Group Account Director,guptamedia.com,2026-01-08 18:49:44
,Emma Foulkes,Associate Account Director,guptamedia.com,2026-01-08 18:49:44
,Ana Penicaud,Account Director,guptamedia.com,2026-01-08 18:49:44
,Renn Bauhan,Design Director,guptamedia.com,2026-01-08 18:49:44
,Oyku Camci,Associate Account Director,guptamedia.com,2026-01-08 18:49:44
,Kerry Gould,Account Director,guptamedia.com,2026-01-08 18:49:44
,Kevin MacKenzie Jr,Creative Director,guptamedia.com,2026-01-08 18:49:44
,Amanda Sousa Bauhan,"Associate Creative Director, Art",guptamedia.com,2026-01-08 18:49:44
,Steve Stryhalaleck,"Director, Information Technology",cerulli.com,2026-01-08 18:49:30
,Bing Waldert,"Managing Director, U.S. Research",cerulli.com,2026-01-08 18:49:30
,Jared Baucom,"Managing Director, Global Sales & Marketing",cerulli.com,2026-01-08 18:49:30
,"Daniil Shapiro, CFA",Product Development Director,cerulli.com,2026-01-08 18:49:30
,"Brendan Powers, CFA","Director, Product Development",cerulli.com,2026-01-08 18:49:30
,Christopher Swansey,Associate Director,cerulli.com,2026-01-08 18:49:30
,"Michael Rose, CFP®, MST",Associate Director - Wealth Management Research,cerulli.com,2026-01-08 18:49:30
,"Drew O'Hearn, CFP®, CAIA","Sr. Director, Head of Account Management & Client Services",cerulli.com,2026-01-08 18:49:30
,Karleen Fallon,Senior Director Of Marketing,cerulli.com,2026-01-08 18:49:30
,"Michele Giuditta, CFA","Director, Institutional Practice",cerulli.com,2026-01-08 18:49:30
,Jeremy Fodaski,"Associate Director, Account Management",cerulli.com,2026-01-08 18:49:30
,"James Tamposi, CFA",Associate Director,cerulli.com,2026-01-08 18:49:30
,Mason Gillespie,"Associate Director, Account Management",cerulli.com,2026-01-08 18:49:30
,Eric Wojnarowski,"Associate Director, Production Management",cerulli.com,2026-01-08 18:49:30
,Richard Conti,Creative Director,cerulli.com,2026-01-08 18:49:30
,Dave Fletcher,"Director, Editorial",cerulli.com,2026-01-08 18:49:30
,Robert Dudas,Alliance Director,callminer.com,2026-01-08 18:49:11
,Eric Williamson,Chief Marketing Officer,callminer.com,2026-01-08 18:49:11
,Jonathan Ranger,Chief Customer Officer,callminer.com,2026-01-08 18:49:11
,Jonas Lehman,National Alliances Director,callminer.com,2026-01-08 18:49:11
,Eduardo Von Borstel,Vice President of Global Alliances,callminer.com,2026-01-08 18:49:11
,R. Todd Barber,Vice President BPO Accounts,callminer.com,2026-01-08 18:49:11
,Alexandra Robson,Director of Global Demand Generation & Marketing,callminer.com,2026-01-08 18:49:11
,Roderick MacQueen,Chief Technology Officer,callminer.com,2026-01-08 18:49:11
,Stacy Dye,"Senior Director, Success Strategy",callminer.com,2026-01-08 18:49:11
,Dave Ocasek,VP of Operations,callminer.com,2026-01-08 18:49:11
,Tom Wendt,Senior Vice President Sales,callminer.com,2026-01-08 18:49:11
,Bruce McMahon,Chief Product Officer,callminer.com,2026-01-08 18:49:11
,Rob Lane,Chief Financial Officer,callminer.com,2026-01-08 18:49:11
,Mark Vendetti,"Vice President, Sales Operations",callminer.com,2026-01-08 18:49:11
,Parag Shah,VP of Data,cargurus.com,2026-01-08 18:48:56
,Zachary Ericson,"Director, Strategy and Operations",cargurus.com,2026-01-08 18:48:56
,Sumita Palanisamy,Director Of Engineering,cargurus.com,2026-01-08 18:48:56
,Megan Broadwin,Vice President Corporate Strategy,cargurus.com,2026-01-08 18:48:56
,Tea H.,"Senior Director, Learning, Communications, Community",cargurus.com,2026-01-08 18:48:56
,Sam Zales,Chief Operating Officer,cargurus.com,2026-01-08 18:48:56
,Greg Schwartz,Board Director,cargurus.com,2026-01-08 18:48:56
,Kevin Roberts,Director of Economic and Market Intelligence,cargurus.com,2026-01-08 18:48:56
,Jennifer Hanson,Chief People Officer,cargurus.com,2026-01-08 18:48:56
,Kevin Sullivan,"Sr. Director of Programmatic, Data, and Social Sales",cargurus.com,2026-01-08 18:48:56
,Asaf Gendler,Head of Product,cargurus.com,2026-01-08 18:48:56
,Maddy Pisto,VP of Customer Success,cargurus.com,2026-01-08 18:48:56
,Matt McGarry,Vice President of Sales & Service,cargurus.com,2026-01-08 18:48:56
,Fabrice Prevost,Director of Channel Sales & Strategic Alliances NA,progress.com,2026-01-08 18:48:52
,Justin Donlon,Vice President of Enterprise Applications and Data,progress.com,2026-01-08 18:48:52
,Jeremy Segal,Executive Vice President Corporate Development,progress.com,2026-01-08 18:48:52
,Alexander Krustev,Head of Sales EMEA DX,progress.com,2026-01-08 18:48:52
,Ani Girgitsova-Dimitrova,Talent Enablement Director,progress.com,2026-01-08 18:48:52
,Phil Langer,"Senior Vice President, Global Sales — INFRA Business Unit",progress.com,2026-01-08 18:48:52
,Ed Keisling,Chief AI Officer,progress.com,2026-01-08 18:48:52
,Karen Price,Vice President - Talent & Culture,progress.com,2026-01-08 18:48:52
,Mark Troester,Vice President of Strategy,progress.com,2026-01-08 18:48:52
,Gena Moore,"Sr. Director, Global Field & Channel Marketing",progress.com,2026-01-08 18:48:52
,Francisco Larez,"Vice President Sales, Latin America and Caribbean",progress.com,2026-01-08 18:48:52
,David Baccanari,"Vice President Global Sales, DataDirect - Application & Data Platform",progress.com,2026-01-08 18:48:52
,Jason Olenick,Senior Director of Enterprise Applications,progress.com,2026-01-08 18:48:52
,Amanda Arria,EVP & Chief Human Resources Officer (CHRO),progress.com,2026-01-08 18:48:52
,Michael Bayer,EVP and Chief Financial Officer,wasabi.com,2026-01-08 18:48:37
,Clark Brown,Vice President Global Alliance Partner & Distribution Sales,wasabi.com,2026-01-08 18:48:37
,☁️ David Boland ☁️,Vice President Cloud Strategy,wasabi.com,2026-01-08 18:48:37
,Vin Antarkar,"Senior Vice President, Operations",wasabi.com,2026-01-08 18:48:37
,Thomas Phillips,Vice President North America Sales,wasabi.com,2026-01-08 18:48:37
,Laurie Coppola Mitchell,Senior Vice President Global Alliances and Partner Marketing,wasabi.com,2026-01-08 18:48:37
,Christina Ann Manning,"Director, International Sales Development",wasabi.com,2026-01-08 18:48:37
,David Asher,Director of Software Engineering,wasabi.com,2026-01-08 18:48:37
,Scott Sharp,VP AI Product Development,wasabi.com,2026-01-08 18:48:37
,Kurt Bertone,VP of Emerging Technology,wasabi.com,2026-01-08 18:48:37
,Rachelle Gadouas,Senior Director of Customer Success,wasabi.com,2026-01-08 18:48:37
,Elton Carneiro,Sr. Director of Business Development - Emerging Markets,wasabi.com,2026-01-08 18:48:37
,Jeff Pace,Director of Software Engineering,wasabi.com,2026-01-08 18:48:37
,Jim Doyle,"Vice President, Operations",polarbeverages.com,2026-01-08 18:48:22
,Jim Robert,Assistant Director Of Operations,polarbeverages.com,2026-01-08 18:48:22
,Paul Henehan,Vice President of National Customers,polarbeverages.com,2026-01-08 18:48:22
,Justin Fahie,Assistant Director of Operations,polarbeverages.com,2026-01-08 18:48:22
,Andrew Roche,Director of Manufacturing / Plant Manager,polarbeverages.com,2026-01-08 18:48:22
,Stephen P. Carey,Director of Human Resources,polarbeverages.com,2026-01-08 18:48:22
,Lisbet C.,Marketing Director,polarbeverages.com,2026-01-08 18:48:22
,Jamie S.,Assistant Director R&D,polarbeverages.com,2026-01-08 18:48:22
,Casie Soter,Vice President - Private Label,polarbeverages.com,2026-01-08 18:48:22
,Gerry Martin,Vice President,polarbeverages.com,2026-01-08 18:48:22
,John Wetzonis,Senior Vice President of Sales,polarbeverages.com,2026-01-08 18:48:22
,Timothy Brooks,Assistant Director of Quality,polarbeverages.com,2026-01-08 18:48:22
,Cindy Bresnahan,Executive Assistant To The President & CEO,polarbeverages.com,2026-01-08 18:48:22
,timothy sheehy,sr. vp of franchise development,polarbeverages.com,2026-01-08 18:48:22
,Molly Smith,Head of Communications,polarbeverages.com,2026-01-08 18:48:22
,Jim Spehar,Vice President Engineering: Advanced Analog,analog.com,2026-01-08 18:48:04
,"Sebastian Vogel, Dr.",Director AI Competence Center,analog.com,2026-01-08 18:48:04
,Kian Eng,"Vice President, Global OSAT Operations Engineering",analog.com,2026-01-08 18:48:04
,Arnaud Lagandré,VP Strategy Global Automotive,analog.com,2026-01-08 18:48:04
,Venugopal Malyala,"VP AI, Data & GTM Applications",analog.com,2026-01-08 18:48:04
,Rafael Sotomayor,President and Chief Executive Officer,analog.com,2026-01-08 18:48:04
,Seok Ching Chen,"Vice President, Global Operations Strategy",analog.com,2026-01-08 18:48:04
,Christina Dr Höfner,Senior Director & Global Head of Executive Recruitment,analog.com,2026-01-08 18:48:04
,Alasdair Smith,VP of Operations,analog.com,2026-01-08 18:48:04
,Rajeev Ramamurthy,Vice President - Connectivity,analog.com,2026-01-08 18:48:04
,Bharath Sithambaram,"Smart Manufacturing IT Director, Architecture & Compliance",analog.com,2026-01-08 18:48:04
,Julien Deregnaucourt,Senior Vice President & Digital Transformation,analog.com,2026-01-08 18:48:04
,Chris Humphrey,"Director, Americas Talent Acquisition & Global Contingent Workforce",analog.com,2026-01-08 18:48:04
,Sabyasachi Dey,"Senior Director, Architecture, MPU, and MCU",analog.com,2026-01-08 18:48:04
,Helen Greiner,Co-Founder,irobot.com,2026-01-08 18:47:49
,Tiffany H.,"Senior Director, Consumer Insights & Research",irobot.com,2026-01-08 18:47:49
,Ravi Maganti,Chief Information Officer | Enterprise IT,irobot.com,2026-01-08 18:47:49
,Jean Jacques Blanc,Chief Commercial Officer,irobot.com,2026-01-08 18:47:49
,Jeff Hadden,"Director, Product Management",irobot.com,2026-01-08 18:47:49
,Nawal Macedo MSIM,Sr. Director Global Indirect Sourcing & Procurement Ops,irobot.com,2026-01-08 18:47:49
,Simon M.,President Innovation Officer,irobot.com,2026-01-08 18:47:49
,Thirunavukkarasu Palaniswamy,"Director of Digital Platforms – CRM, OMS, GenAI & Marketing",irobot.com,2026-01-08 18:47:49
,LaKesha Proctor,"Senior Director, Strategy & Channel Marketing",irobot.com,2026-01-08 18:47:49
,Eileen Young,Director of Product Management,irobot.com,2026-01-08 18:47:49
,"Deborah Chalak, CSRP, PMP","Director, Sustainability - Environmental & ESG",irobot.com,2026-01-08 18:47:49
,Hajime Hikino,Vice President and General Manager,irobot.com,2026-01-08 18:47:49
,Mark Claffee,VP Chief Engineer,irobot.com,2026-01-08 18:47:49
,Jaya Gwalani,Director Enterprise Data & Analytics,irobot.com,2026-01-08 18:47:49
,Julien Venetz,Director Strategic Partnerships,bose.com,2026-01-08 18:47:45
,Rashaan Josey,"President, Automotive",bose.com,2026-01-08 18:47:45
,Arun Abraham,Chief Information Security Officer,bose.com,2026-01-08 18:47:45
,Allen Wellhoff,Director Global Logistics,bose.com,2026-01-08 18:47:45
,"Carrie Craig, MBA, ITILv4",Sr Director of Global Applications Delivery,bose.com,2026-01-08 18:47:45
,John Turner,"Director, Product Security",bose.com,2026-01-08 18:47:45
,Yohan Daniel Benny,"Director, Strategic Sourcing and Indirect Procurement",bose.com,2026-01-08 18:47:45
,Matthew Dewar,Associate Director of Global Business Operations,bose.com,2026-01-08 18:47:45
,Craig Lockwood,"Senior Director, Luxury Operations",bose.com,2026-01-08 18:47:45
,Corinne Peck,Associate Director of Consumer Research & Insights,bose.com,2026-01-08 18:47:45
,Bassem N. Saad,Vice President,bose.com,2026-01-08 18:47:45
,Lila Snyder,CEO,bose.com,2026-01-08 18:47:45
,Bryan Fontaine,Executive Vice President,bose.com,2026-01-08 18:47:45
,Chetna Khemka,"Vice President, Global Head of DTC",bose.com,2026-01-08 18:47:45
,David Prunier,CFO/CCO,watts.com,2026-01-08 18:47:30
,Ty Buckelew,Chief Operations Officer,watts.com,2026-01-08 18:47:30
,"Ebony Travis Tichenor, MBA, PHR","Director, Global Wellbeing & Employee Resource Groups (ERGs) (Corporate Responsibility)",bostonscientific.com,2026-01-08 18:47:15
,Prema O.,"Director, Strategic Evidence Initiatives & RWE",bostonscientific.com,2026-01-08 18:47:15
,Rafael González,Facilities & EHS Director,bostonscientific.com,2026-01-08 18:47:15
,Ryan McCarthy,"Associate Legal Director, Cardiac Rhythm Management & Cardiac Diagnostic Solutions (CRMDx)",bostonscientific.com,2026-01-08 18:47:15
,Nick Spadea-Anello,"Senior Vice President and President, Electrophysiology",bostonscientific.com,2026-01-08 18:47:15
,Samuel Goh,"Associate Commercial Director, AFib, Growth Markets",bostonscientific.com,2026-01-08 18:47:15
,Conor Russell,Vice President of Operations,bostonscientific.com,2026-01-08 18:47:15
,Brian Mottola,"Vice President, Global Marketing Coronary Therapies",bostonscientific.com,2026-01-08 18:47:15
,John Hauser,Vice President Operations,bostonscientific.com,2026-01-08 18:47:15
,Amitabh A,"Vice President, Global Supply Chain Planning",bostonscientific.com,2026-01-08 18:47:15
,Emily Woodward,"Vice President Health Economics and Market Access, EMEA",bostonscientific.com,2026-01-08 18:47:15
,Brian Lynam,Snr Director Of Operations / Site Lead,bostonscientific.com,2026-01-08 18:47:15
,Brenda Kowske,Sr. Director - Talent Analytics & Workforce Planning,bostonscientific.com,2026-01-08 18:47:15
,Curry Brown,Global Director of Marketing,bostonscientific.com,2026-01-08 18:47:15
,Sujal Patel,"Vice President, Business Operations and Transformation",hologic.com,2026-01-08 18:47:11
,Christiana Stamoulis,Director of the Board,hologic.com,2026-01-08 18:47:11
,Nilo Caravaca,Vice President Operations,hologic.com,2026-01-08 18:47:11
,Essex David Mitchell,Chief Operating Officer,hologic.com,2026-01-08 18:47:11
,Brian Brooks,Vice President of Global Operations,hologic.com,2026-01-08 18:47:11
,"Albrecht W. Frauendorf, Ph.D.",,hologic.com,2026-01-08 18:47:11
,Derek Babin,"Vice President, Strategy and Portfolio Management",hologic.com,2026-01-08 18:47:11
,Guillaume Gratton,"Corporate Vice President, Global Commercial Finance and Corp FP&A",hologic.com,2026-01-08 18:47:11
,John Dunlap,"Director, Global Strategic Sourcing",hologic.com,2026-01-08 18:47:11
,Scott Christensen,"Senior Vice President, Global Supply Chain, Quality & Regulatory Affairs",hologic.com,2026-01-08 18:47:11
,Malik Khan,"Corporate Vice President Global Quality, RAQA",hologic.com,2026-01-08 18:47:11
,Joao Paulo Malagueira,"President, EMEA",hologic.com,2026-01-08 18:47:11
,"Vic Guglielmino, MBA, CPIM","Director, Global Strategic Sourcing",hologic.com,2026-01-08 18:47:11
,Karen Weinstein,"Vice President, Operations & Chief Procurement Officer",hologic.com,2026-01-08 18:47:11
,Jorge Mauricio Garcia Betancur,CEO & Co Founder,betagroup.com,2026-01-08 18:46:57
,BÙI YẾN,Assistant Director of Sales,betagroup.com,2026-01-08 18:46:57
,Anthony Bond,CEO & President,bondbrothers.com,2026-01-08 18:46:42
,Brian B.,Director of Technology Success and Service,bondbrothers.com,2026-01-08 18:46:42
,Alyssa Masiello,Vice President Human Resources,bondbrothers.com,2026-01-08 18:46:42
,Scott Putnam,Director of Technology Operations,bondbrothers.com,2026-01-08 18:46:42
,Rebecca Klebanoff,Vice President & General Counsel,bondbrothers.com,2026-01-08 18:46:42
,Lisa Billingsley,Director of Talent Acquisition,bondbrothers.com,2026-01-08 18:46:42
,Chris Halliday,Director of Construction Innovation and Technology,shawmut.com,2026-01-08 18:46:24
,Reza Amirkhalili,Chief Operating Officer,shawmut.com,2026-01-08 18:46:24
,Robert Achilles,National Director - Quality Control,shawmut.com,2026-01-08 18:46:24
,"Michelle La Fleur, ACC, SPHR",Chief Human Resources Officer,shawmut.com,2026-01-08 18:46:24
,Mike Kearns,Chief Operating Officer - New England,shawmut.com,2026-01-08 18:46:24
,Gina DeGaetano,"Director, People Strategies",shawmut.com,2026-01-08 18:46:24
,Paul DiMarino,Chief Information Officer,shawmut.com,2026-01-08 18:46:24
,Brian Troast,Senior Director - Construction Operations,shawmut.com,2026-01-08 18:46:24
,Greg Skalaski,Executive Vice President - Shawmut West,shawmut.com,2026-01-08 18:46:24
,Mark Malmquist,Vice President - Large Projects Division,shawmut.com,2026-01-08 18:46:24
,Charlie Avolio,Head of Major Projects,shawmut.com,2026-01-08 18:46:24
,"Assad Tabatabaie, PE",Director - Engineering Services,shawmut.com,2026-01-08 18:46:24
,Vickie Gallant-Pacios,Director Talent Development,shawmut.com,2026-01-08 18:46:24
,"Elizabeth Murphy, CPHB, LFA",Director of Sustainability,shawmut.com,2026-01-08 18:46:24
,Paul Praylo,Independent Board Director,shawmut.com,2026-01-08 18:46:24
,Justin Silvia,Vice President Global Services & Partner Ecosystem,suffolk.com,2026-01-08 18:46:22
,Melissa Lipscomb,"VP, Customer Success",suffolk.com,2026-01-08 18:46:22
,Javier Aldrete,Chief Product Officer,suffolk.com,2026-01-08 18:46:22
,Matt S.,Director of Information Security and Compliance,suffolk.com,2026-01-08 18:46:22
,Matthew Finlayson,Chief Technology Officer,suffolk.com,2026-01-08 18:46:22
,Eric Cargol,Chief Sales Officer,suffolk.com,2026-01-08 18:46:22
,Shanel Vandergriff,Chief Marketing Officer,suffolk.com,2026-01-08 18:46:22
,Zachary Bennett,VP of Revenue Operations,suffolk.com,2026-01-08 18:46:22
,Greg Pinnix,"Director, Velocity Sales",suffolk.com,2026-01-08 18:46:22
,Westin Pedigo,Vice President of Commercial Sales,suffolk.com,2026-01-08 18:46:22
,Jake Kranig,Director Solutions Engineering,suffolk.com,2026-01-08 18:46:22
,Caitlin Cready,Director of Revenue Enablement,suffolk.com,2026-01-08 18:46:22
,Seema Chawla,Director - BI and Analytics,suffolk.com,2026-01-08 18:46:22
,Susie Hall,President,leaderbank.com,2026-01-08 18:45:50
,Kate Gottfried,"VP, Community & Customer Engagement",leaderbank.com,2026-01-08 18:45:50
,Solome Tibebu,President,gscu.org,2026-01-08 18:45:48
,Danielle (Bradley) McNichol,Director of Programming,gscu.org,2026-01-08 18:45:48
,Mike Philippides,Vice President,banknh.com,2026-01-08 18:45:35
,Stanley M.,"Director, Security Engineering",banknh.com,2026-01-08 18:45:35
,Soumit Nandi,Global Chief Technology Officer,banknh.com,2026-01-08 18:45:35
,Loretta Schneiders,Interim Head of Payables,banknh.com,2026-01-08 18:45:35
,Justin Howard,"Director, Business Development & Strategy",banknh.com,2026-01-08 18:45:35
,Ian Ramcheran,"Vice President, Digital Experience",banknh.com,2026-01-08 18:45:35
,Joe Ventura,"Senior Vice President, Strategy & Operations, Brand Partnerships",banknh.com,2026-01-08 18:45:35
,Steven Kahana,"Vice President, Business Operations & Legal Affairs, Live Nation Concerts",banknh.com,2026-01-08 18:45:35
,Matthew Hansen,Chief Strategy Officer,banknh.com,2026-01-08 18:45:35
,Max Wein,"Senior Vice President, Strategy and Operations",banknh.com,2026-01-08 18:45:35
,Tom Lynch,"President, Venues (EMEA)",banknh.com,2026-01-08 18:45:35
,Chris Loll,"Chief Operating Officer, Media & Sponsorship",banknh.com,2026-01-08 18:45:35
,Jordan Manekin,"Live Nation Productions, Acting Head of Business and Legal Affairs",banknh.com,2026-01-08 18:45:35
,David Huckabay,CIO,banknh.com,2026-01-08 18:45:35
,Patty McGrail,Senior Vice President,leddygroup.com,2026-01-08 18:45:17
,Susannah Chance,Sr. VP of Human Resources,leddygroup.com,2026-01-08 18:45:17
,Chris Bush,Director of Client Solutions,leddygroup.com,2026-01-08 18:45:17
,Peg Gibbud,Regional Vice President,leddygroup.com,2026-01-08 18:45:17
,Ryan Skjonsberg,Co-CEO,coremedicalgroup.com,2026-01-08 18:45:15
,Charity Crawford,Team Lead and Sr. Healthcare Recruiter,coremedicalgroup.com,2026-01-08 18:45:15
,Roz Buick,Director Board of Directors,beaconhillstaffing.com,2026-01-08 18:45:01
,Stuart Broome,Chief Revenue Officer (CRO),beaconhillstaffing.com,2026-01-08 18:45:01
,Rory San Miguel,Co-founder and CEO,beaconhillstaffing.com,2026-01-08 18:45:01
,Luis De Leon,Director of Customer Support,beaconhillstaffing.com,2026-01-08 18:45:01
,Ruth Cole,Director of Product Operations,beaconhillstaffing.com,2026-01-08 18:45:01
,"Kristine Plemmons, MBA",VP of Marketing,beaconhillstaffing.com,2026-01-08 18:45:01
,Daniel White,Head Of Finance,beaconhillstaffing.com,2026-01-08 18:45:01
,Richard Hordern-Gibbings,"Director, Enterprise Mining",beaconhillstaffing.com,2026-01-08 18:45:01
,Sacha Kenyon,Creative Director,beaconhillstaffing.com,2026-01-08 18:45:01
,Amanda Smith,Director of Demand Generation,beaconhillstaffing.com,2026-01-08 18:45:01
,"Stacey Young Rivers, Ph.D.",Head of Global Learning & Development,sulloway.com,2026-01-08 18:44:44
,Keith Weinberger,Director of Product Management & Head of UX - Media Supply Chain Tools & Platform,sulloway.com,2026-01-08 18:44:44
,Michelle Buffardi,"Vice President, Digital Content and Commerce Strategy, Monetization and Strategic Partnerships",sulloway.com,2026-01-08 18:44:44
,Shaun Lampe,Director Global Technology Strategic Sourcing,sulloway.com,2026-01-08 18:44:44
,Carol Danoff,Chief Procurement Officer,sulloway.com,2026-01-08 18:44:44
,Guillermo Cummings,"Director Social Programming and Strategy, DC Comics",sulloway.com,2026-01-08 18:44:44
,Carson Topping,"Director AI Strategy, Intake & Governance",sulloway.com,2026-01-08 18:44:44
,Anish Agarwal,Vice President & Global Head of AI,sulloway.com,2026-01-08 18:44:44
,Pascal Crochemore,VP Distribution Strategy & Architecture,sulloway.com,2026-01-08 18:44:44
,Srividhya Chandrasekaran,Director - Strategic Initiatives,sulloway.com,2026-01-08 18:44:44
,Allan Isfan,Senior Director - Product Management Technology - Global Video Platform & AI,sulloway.com,2026-01-08 18:44:44
,Scott Green,"Director, Creative Technology Operations",sulloway.com,2026-01-08 18:44:44
,Vineet Govil,"VP, Engineering",sulloway.com,2026-01-08 18:44:44
,Molly O'Connor,"Vice President, Strategy & Business Operations - Warner Bros. Motion Picture Group",sulloway.com,2026-01-08 18:44:44
,Ian Fuller,Senior Vice President Operations,preti.com,2026-01-08 18:44:42
,Katia Mikerova,"Senior Director, CMO Supply Chain",preti.com,2026-01-08 18:44:42
,Vincent Villegas,Senior Director of Commercial Operations and Strategy,preti.com,2026-01-08 18:44:42
,"Joannie Roy, CRHA","Directrice associée, ressources humaines",preti.com,2026-01-08 18:44:42
,Greg Benzel,Sr. Director Engineering Projects,preti.com,2026-01-08 18:44:42
,Jerad Holcomb,Vice President of Quality,preti.com,2026-01-08 18:44:42
,Danny Schwippert,"Director, IT & PMO",preti.com,2026-01-08 18:44:42
,"Elizabeth Arnold, MBA, PMP","Associate Director, PMO",preti.com,2026-01-08 18:44:42
,Genevieve Thibeault,Associate Director Commercial,preti.com,2026-01-08 18:44:42
,Nick Landt,Director of Engineering and Maintenance,preti.com,2026-01-08 18:44:42
,"Amanda May, PHR",Human Resources Director,preti.com,2026-01-08 18:44:42
,Ethan Scott,Associate Director of Engineering and Maintenance,preti.com,2026-01-08 18:44:42
,JASON JOHNSON,"Director, Commercial Operations",preti.com,2026-01-08 18:44:42
,Amy Voeller,"Associate Director, Key Accounts",preti.com,2026-01-08 18:44:42
,Pete Dice,Vice President of Sales & Apps Engjneering,dcu.org,2026-01-08 18:44:28
,Kamal Jain,"Country Head and Vice President Engineering, India",dcu.org,2026-01-08 18:44:28
,Harminder Sehmi,Chief Financial Officer,dcu.org,2026-01-08 18:44:28
,Dmitry Zakharchenko,"Chief Software Officer, Head of Global Forward Deployment Engineering & Sales for MENA",dcu.org,2026-01-08 18:44:28
,Ravi Mantripragada,Senior Director Finance,dcu.org,2026-01-08 18:44:28
,John Roberto,"Global Sr. Director, Strategic Business Development",dcu.org,2026-01-08 18:44:28
,Dinakar Munagala,Co-founder and CEO,dcu.org,2026-01-08 18:44:28
,Bruce Beiser,"Director, Global Program Management Office",dcu.org,2026-01-08 18:44:28
,Tony Cannestra,Board Director,dcu.org,2026-01-08 18:44:28
,Robert Wilson,"Senior Director, Hyperscale and Datacenter Sales",dcu.org,2026-01-08 18:44:28
,Saeid Azmoodeh,VP of Engineering,dcu.org,2026-01-08 18:44:28
,"Robert B Rodriguez, M. S.",Founder and CEO/CIO,dcu.org,2026-01-08 18:44:28
,Ambar Dalvi,Director of Sales And Business Development - ME & Turkey,dcu.org,2026-01-08 18:44:28
,Kim Peterson Evans,General Counsel & Vice President,dcu.org,2026-01-08 18:44:28
,Rose L Ruggiero,Vice President Member Solutions,workerscu.com,2026-01-08 18:44:10
,Michelle Rousseau,VP Strategic Initiatives & Planning,workerscu.com,2026-01-08 18:44:10
,Jay Champion,President & Chief Executive Officer,workerscu.com,2026-01-08 18:44:10
,Chad Lewkowski,Chief Operating Officer,workerscu.com,2026-01-08 18:44:10
,Amelia McCullen,Strategic Operations Director,workerscu.com,2026-01-08 18:44:10
,Deborah Larsen,Chief Commercial Banking Officer,workerscu.com,2026-01-08 18:44:10
,Bob Leger,Chief Financial Officer & Treasurer,workerscu.com,2026-01-08 18:44:10
,Aaron Locke,Director of Data Analytics,workerscu.com,2026-01-08 18:44:10
,Judy Griffin,"Director, HR Total Rewards & Operations",workerscu.com,2026-01-08 18:44:10
,Jeanne D.,Senior Director Deposit Operations,workerscu.com,2026-01-08 18:44:10
,"Jessica Favreau, MBA",Vice President Commercial Lending Officer,workerscu.com,2026-01-08 18:44:10
,Laci Gettings,Chief Performance Excellence Officer,workerscu.com,2026-01-08 18:44:10
,Umair A.,Director of Business Analysis,workerscu.com,2026-01-08 18:44:10
,Lisa Beardmore,Director Board of Directors,workerscu.com,2026-01-08 18:44:10
,Edward Alfieri,Senior Vice President Operations & Transformation,harborone.com,2026-01-08 18:44:08
,Scott Sanborn,"EVP, Chief Commercial Banking Officer",harborone.com,2026-01-08 18:44:08
,"Stephen Finocchio, CFA",Executive Vice President and CFO,harborone.com,2026-01-08 18:44:08
,"Mary Jane Williams, GRP, CCP, CBP, CPSP","First Vice President, Total Rewards",harborone.com,2026-01-08 18:44:08
,Maryann Hannigan,First Vice President BSA & Fraud Prevention Officer,harborone.com,2026-01-08 18:44:08
,Gregg Dennison,"Vice President, Business Services Officer",harborone.com,2026-01-08 18:44:08
,"Joanne Hudgins, MSA",VP Business Intelligence & Reporting,harborone.com,2026-01-08 18:44:08
,Nara Smith,Vice President of Commercial Loan Servicing,harborone.com,2026-01-08 18:44:08
,Khaled Khalil,Vice President of Commercial Lending Middle Market,harborone.com,2026-01-08 18:44:08
,Ingrid Rodriguez,Vice President Business Services Officer,harborone.com,2026-01-08 18:44:08
,George Sadler,Regional Vice President & Team Leader Commercial Real Estate,harborone.com,2026-01-08 18:44:08
,David Tidwell,Vice President Corporate Services & Security,harborone.com,2026-01-08 18:44:08
,Heather Nelson,Head of Banking Centers,harborone.com,2026-01-08 18:44:08
,David Booth,Vice President,harborone.com,2026-01-08 18:44:08
,David L. Keyser,Vice President PMO Technology Modernization,cambridgesavings.com,2026-01-08 18:43:55
,Lisa Burns,"Vice President, Business Product Team Leader",cambridgesavings.com,2026-01-08 18:43:55
,Chris Johnson,Chief Information Officer & Head of Digital,cambridgesavings.com,2026-01-08 18:43:55
,Calvin Navatto,Senior Vice President and Senior Relationship Manager,cambridgesavings.com,2026-01-08 18:43:55
,Ryan Bailey,President and CEO,cambridgesavings.com,2026-01-08 18:43:55
,Lisa Rodericks,Chief Marketing Officer,cambridgesavings.com,2026-01-08 18:43:55
,Daniel Mee,President,cambridgesavings.com,2026-01-08 18:43:55
,Marconi Bomfim,"VP, IT Director",cambridgesavings.com,2026-01-08 18:43:55
,Jamie Kelley,Director of HR Operations,cambridgesavings.com,2026-01-08 18:43:55
,Kevin M. Burke,Senior Vice President,cambridgesavings.com,2026-01-08 18:43:55
,James Nguyen,"First Vice President, Enterprise Risk Management",cambridgesavings.com,2026-01-08 18:43:55
,Nick McGurk,"First Vice President, Head of Deposit Operations",cambridgesavings.com,2026-01-08 18:43:55
,Jasmine Wallace,"VP, Director of Fraud Management",cambridgesavings.com,2026-01-08 18:43:55
,Hicham Naciri,SVP / Director of Digital Innovation,rocklandtrust.com,2026-01-08 18:43:37
,Julie Linnell Cowan,"Vice President of Lending, Cape Cod Region",rocklandtrust.com,2026-01-08 18:43:37
,Cameron Novotny,Vice President Commerical Lending Officer,rocklandtrust.com,2026-01-08 18:43:37
,james joyce,Vice President,rocklandtrust.com,2026-01-08 18:43:37
,Lee Townsend,"VP, Application Services Manager",rocklandtrust.com,2026-01-08 18:43:37
,Stephen Carroll,SVP-Director of Corporate Services,rocklandtrust.com,2026-01-08 18:43:37
,William Buccella,Director of Specialized Services & Premier Banking,rocklandtrust.com,2026-01-08 18:43:37
,"Paul Conlon, CRPC®","Vice President, Commercial Financial Consultant",rocklandtrust.com,2026-01-08 18:43:37
,Debra Smith,SVP- Director Bank /Digital Operations and Enterprise Project Managment Office,rocklandtrust.com,2026-01-08 18:43:37
,Tamina O'Neill,EVP & Chief Risk Officer,rocklandtrust.com,2026-01-08 18:43:37
,Peter Rayno,Regional Commercial Director-NH & Merrimack Valley,rocklandtrust.com,2026-01-08 18:43:37
,Michelle Francis,"Vice President, Loan Operations Reporting Manager",rocklandtrust.com,2026-01-08 18:43:37
,Doug Butler,Senior Vice President Research Director,rocklandtrust.com,2026-01-08 18:43:37
,Lane Levengood,"Head of Tech & Ops Business Office, Senior Vice President",rocklandtrust.com,2026-01-08 18:43:37
,Greg Buscone,Executive Vice President and Chief Commercial Banking Officer,easternbank.com,2026-01-08 18:43:35
,Jason Solomon,Vice President,easternbank.com,2026-01-08 18:43:35
,Bob Rivers,Executive Chair,easternbank.com,2026-01-08 18:43:35
,"Tammy Knies, CTPRP",Chief Procurement Officer,easternbank.com,2026-01-08 18:43:35
,Don Westermann,"Executive Vice President, Chief Information Officer",easternbank.com,2026-01-08 18:43:35
,Martha Dean,EVP Director of Operations,easternbank.com,2026-01-08 18:43:35
,Samantha Arzu,"Vice President, Recruiter III",easternbank.com,2026-01-08 18:43:35
,Matthew Sullivan,Vice President Fraud Operations Manager,easternbank.com,2026-01-08 18:43:35
,Ashley Nagle Eknaian,Chief Digital Officer,easternbank.com,2026-01-08 18:43:35
,Heather Allen,Chief Customer Experience Officer,easternbank.com,2026-01-08 18:43:35
,Patrick Daaboul,"Vice President, SBA Officer",easternbank.com,2026-01-08 18:43:35
,Sheila Healy Estes,Head of Wealth Management & Private Banking Marketing Strategy,easternbank.com,2026-01-08 18:43:35
,Richard Bane,Director,easternbank.com,2026-01-08 18:43:35
,Brian Smith,"Vice President, Data Governance",easternbank.com,2026-01-08 18:43:35
,Beth Roberts,President,bilh.org,2026-01-08 18:43:21
,"Jess de Jesus, Pharm D, MBA, FACHE",President & Chief Pharmacy Officer,bilh.org,2026-01-08 18:43:21
,"Neil Gilchrist, PharmD, MBA, FACHE, BCPS, DPLA","Chief Operating Officer - BILH Pharmacy, Inc.",bilh.org,2026-01-08 18:43:21
,Erin Yale,"Chief Operating Officer, Beth Israel Deaconess Plymouth",bilh.org,2026-01-08 18:43:21
,Dean Carucci,Division President -  Community Division,bilh.org,2026-01-08 18:43:21
,"Christopher Bouton, Ph.D.","Director - Board of Directors, Technology",bilh.org,2026-01-08 18:43:21
,Connie Malave Branyan,Chief Strategy Officer,bilh.org,2026-01-08 18:43:21
,Venkat Jegadeesan,"Vice President, Technology & Innovation",bilh.org,2026-01-08 18:43:21
,Juan Fernando Lopera,Chief Community and Health Impact Officer,bilh.org,2026-01-08 18:43:21
,"Carl Francioli, CPA, CGMA","Senior Vice President & Chief Financial Officer, Finance Operations",bilh.org,2026-01-08 18:43:21
,Keisha Downes,Vice President Mid-Revenue Cycle,bilh.org,2026-01-08 18:43:21
,Ryan Sadlier,Director of Operations-Urgent Care,bilh.org,2026-01-08 18:43:21
,Alan Bengzon,"Director, Strategic Planning and Business Development",bilh.org,2026-01-08 18:43:21
,Tom Leonard,"Cyber Security Strategy, Director",bilh.org,2026-01-08 18:43:21
,"Joseph Hwang, FACHE","Market Chief Operating Officer - Beverly, Addison Gilbert, BayRidge, and Anna Jaques Hospitals",bilh.org,2026-01-08 18:43:21
,Jim Bell,Chief Investment Officer,bilh.org,2026-01-08 18:43:21
,Eric Devroe,Chief Operating Officer,massgeneralbrigham.org,2026-01-08 18:43:04
,Peter Blume-Jensen,President and CEO,massgeneralbrigham.org,2026-01-08 18:43:04
,Kirsten Hart,"Senior Director, Head of Human Resources",massgeneralbrigham.org,2026-01-08 18:43:04
,John van Duzer,Vice President of CMC,massgeneralbrigham.org,2026-01-08 18:43:04
,Syed M. Ali,Executive Director,massgeneralbrigham.org,2026-01-08 18:43:04
,Ayesha Murshid,Director,massgeneralbrigham.org,2026-01-08 18:43:04
,Ke (Corey) Xu,"Associate Director, Bioinformatics",massgeneralbrigham.org,2026-01-08 18:43:04
,Christina Scherer,"Vice President & Head, Early Portfolio Management",massgeneralbrigham.org,2026-01-08 18:43:04
,Michail Shipitsin,"Vice President, Biomarker Research and Development",massgeneralbrigham.org,2026-01-08 18:43:04
,Sibgat Choudhury,"Senior Director, Clinical Biomarker Development",massgeneralbrigham.org,2026-01-08 18:43:04
,Thomas Nifong,"Vice President, Head CDx Operations",massgeneralbrigham.org,2026-01-08 18:43:04
,David Proia,"Senior Vice President, Biology & Drug Discovery",massgeneralbrigham.org,2026-01-08 18:43:04
,Mary-Alice Miller,Chief Legal Officer,massgeneralbrigham.org,2026-01-08 18:43:04
,Reina I.,"Director, Drug Discovery",massgeneralbrigham.org,2026-01-08 18:43:04
,"Prasanna Deshpande, PhD, MBA",Director of Manufacturing & Asset Head,lonza.com,2026-01-08 18:43:01
,Sterling Hamilton,Associate Director Regulatory Affairs Americas,lonza.com,2026-01-08 18:43:01
,Steven F.,Head of Operations Finance - Bioprocessing,lonza.com,2026-01-08 18:43:01
,Emrah Öztürkmen,"Vice President, Group Operations Finance",lonza.com,2026-01-08 18:43:01
,Una Hillery,"Head Of Strategic Planning & Supply Chain, ADC Bioconjugages",lonza.com,2026-01-08 18:43:01
,Scott Baird,"Vice President, Global Head Bioscience Operations & Supply Chain",lonza.com,2026-01-08 18:43:01
,Henrik Ammitzbøll Petersen,"Executive Director, Head of Business Development (EMEA/APAC) and Account Management (APAC)",lonza.com,2026-01-08 18:43:01
,Inbal Orbach,Vice President Global Head of FP&A,lonza.com,2026-01-08 18:43:01
,Ryan Holder,"Executive Director, Operations - End-to-End Lead, Large Scale Allogeneic (Albacore)",lonza.com,2026-01-08 18:43:01
,ANNIE LIM,Head of Human Resources,lonza.com,2026-01-08 18:43:01
,Raymond Donninger,"Senior Director, Commercial Development",lonza.com,2026-01-08 18:43:01
,John R. L.,"Senior Director of Global Engineering, Planning and Project Controls",lonza.com,2026-01-08 18:43:01
,Corey Taylor,Head of Automation,lonza.com,2026-01-08 18:43:01
,Joe Fish,Director of Engineering and Capital Projects,lsne.com,2026-01-08 18:42:30
,Olga Samartino,Head Of Production,lsne.com,2026-01-08 18:42:30
,Fred C.,President,spotonfence.com,2026-01-08 18:42:28
,Sung Vivathana,Vice President of Engineering,spotonfence.com,2026-01-08 18:42:28
,Stephanie McCaig,Director of Finance,spotonfence.com,2026-01-08 18:42:28
,Steve Fanning,Chief Customer Officer,adventurereadybrands.com,2026-01-08 18:42:14
,"Lindsey Charbonneau, IMBA",Global Director Of Ecommerce,adventurereadybrands.com,2026-01-08 18:42:14
,Daphna Gall,"Director, Direct-to-Consumer",adventurereadybrands.com,2026-01-08 18:42:14
,Carolyn Steele,"VP, Brand Management, Adventure Protection and Health Platforms",adventurereadybrands.com,2026-01-08 18:42:14
,Logan Lindsay,Director of Supply Chain,adventurereadybrands.com,2026-01-08 18:42:14
,Jason Cartwright,Retired / Current Board Member,adventurereadybrands.com,2026-01-08 18:42:14
,Carolyn Keats,"Director, International Business",adventurereadybrands.com,2026-01-08 18:42:14
,Leslie Lindberg,Chief Financial Officer,adventurereadybrands.com,2026-01-08 18:42:14
,Jason Golden,Chief Executive Officer,mainstaytechnologies.com,2026-01-08 18:41:56
,"Stephanie Buttrick, MBA, PMP",Director of Revenue Operations,mainstaytechnologies.com,2026-01-08 18:41:56
,Jacob Pelletier,Director of Service,mainstaytechnologies.com,2026-01-08 18:41:56
,Melissa Abbott,Director Of Accounting,mainstaytechnologies.com,2026-01-08 18:41:56
,Stephanie Banting,President & COO,connection.com,2026-01-08 18:41:23
,Brendan P. Keegan,Chairman & Chief Executive,merchantsfleet.com,2026-01-08 18:41:23
,Shivani D.,Director of Ad Operations,agne.com,2026-01-08 18:41:08
,"Ryan Mang,  MBA",Chief Commercial Officer,agne.com,2026-01-08 18:41:08
,Andrew Brandman,Chief Operating Officer,agne.com,2026-01-08 18:41:08
,Ryan Moore,Vice President - Customer Support & Global BPO Strategy,agne.com,2026-01-08 18:41:08
,Annie Li,"Director of Strategy and Operations, Office of CEO",agne.com,2026-01-08 18:41:08
,Rajesh Devaraj,"Director, Operational Transformation",agne.com,2026-01-08 18:41:08
,Nelson Chai,Chief Executive Officer,agne.com,2026-01-08 18:41:08
,Chris Nigbor,Sr. Director Global Operations and Payments,agne.com,2026-01-08 18:41:08
,Tim Binder,"Vice President, Brand & Communications",agne.com,2026-01-08 18:41:08
,Jeff Vanzant,"Vice President, Revenue Operations",agne.com,2026-01-08 18:41:08
,Dekel Beeri,"VP, Product Strategy & Partnerships",agne.com,2026-01-08 18:41:08
,Bob Becker,"Director, Channel Sales and Partnerships",agne.com,2026-01-08 18:41:08
,Paul H.,VP of Engineering,agne.com,2026-01-08 18:41:08
,Dan Heberden,VP of Engineering & Operations,agne.com,2026-01-08 18:41:08
,Katie Gallagher Boggs,"Director, Civil Space",wirebelt.com,2026-01-08 18:40:49
,"Sara R. Scharf, Ph.D.","Director, External Innovation - Tech Scouting",wirebelt.com,2026-01-08 18:40:49
,Roy Perkins,Director of Business Winning Operations for Combat Mission Systems,wirebelt.com,2026-01-08 18:40:49
,Bo Fairwell,Director II Strategic Operations San Diego,wirebelt.com,2026-01-08 18:40:49
,"Rana Dalbah, PMP",Senior Director - AI & Data Governance,wirebelt.com,2026-01-08 18:40:49
,Marc Gomes Casseres,Vice President and Deputy General Manager,wirebelt.com,2026-01-08 18:40:49
,Jared Hutchinson,Director - Air Force Operational Requirements,wirebelt.com,2026-01-08 18:40:49
,David Y.,International BD Director,wirebelt.com,2026-01-08 18:40:49
,Michael Woods,Head of Manufacturing Operations,wirebelt.com,2026-01-08 18:40:49
,Jennie Fowler,"Director, PMO Business Value Optimization",wirebelt.com,2026-01-08 18:40:49
,Timothy Grayson,Vice President General Manager BAE Systems FAST Labs,wirebelt.com,2026-01-08 18:40:49
,"Birtley ""Butch"" Locke",Strategic Operations Director,wirebelt.com,2026-01-08 18:40:49
,Shawna Angle,"Vice President, Total Rewards",wirebelt.com,2026-01-08 18:40:49
,Doug Knehr,"Director GRC  (CISO TEAM) ( AI Security, AI Privacy, AI Governance)",cswg.com,2026-01-08 18:40:49
,Michael MacLennan,CEO / Co-founder,cswg.com,2026-01-08 18:40:49
,Chetan Kapoor,CEO/Founder,cswg.com,2026-01-08 18:40:49
,Zavosh Mottahedeh,Founder and CEO,cswg.com,2026-01-08 18:40:49
,Sebastian Johnson-Deal,Creative Director,cswg.com,2026-01-08 18:40:49
,Randy Fournier,Director of Operations,monadnockpaper.com,2026-01-08 18:40:34
,Lisa Taylor,Executive Vice President; Vice President Sales and Marketing,monadnockpaper.com,2026-01-08 18:40:34
,Julie Brannen,Director of Regional Sales & Sustainability Solutions,monadnockpaper.com,2026-01-08 18:40:34
,Chloe Jones,Director of Marketing & Communications,monadnockpaper.com,2026-01-08 18:40:34
,Eliana Wagner,Director of Business Development,monadnockpaper.com,2026-01-08 18:40:34
,Chip Dorsey,Vice President,monadnockpaper.com,2026-01-08 18:40:34
,Joe Fletcher,"Vice President, Human Resources",monadnockpaper.com,2026-01-08 18:40:34
,"Brian Murphy, MBA, LSSBB",Associate Director of Operational Excellence,nhbb.com,2026-01-08 18:40:16
,"Prasad Panzade, PhD","Vice President, Research And Development- CMC",nhbb.com,2026-01-08 18:40:16
,Tammy Cooper,President,nhbb.com,2026-01-08 18:40:16
,Kyle Chisholm,Senior Director Business Development,nhbb.com,2026-01-08 18:40:16
,Saeed Ahmed,"Associate Director, Strategic Sourcing",nhbb.com,2026-01-08 18:40:16
,"Jennifer O'Brien, PMP",Senior Director Business Development,nhbb.com,2026-01-08 18:40:16
,"Michael Amend, SPHR","Director, HR Operations and Talent Management",nhbb.com,2026-01-08 18:40:16
,Keri Dufault,Associate Vice President of Business Development,nhbb.com,2026-01-08 18:40:16
,Michael Postlethwaite,Senior Director Business Development Europe,nhbb.com,2026-01-08 18:40:16
,"Marc Gomez Caminals, PhD",Director Of Business Development,nhbb.com,2026-01-08 18:40:16
,Steve Trahan,Director of Manufacturing Operations,nhbb.com,2026-01-08 18:40:16
,Kenji Nawa,"Sr. Director, New Life Science Business Development",nhbb.com,2026-01-08 18:40:16
,Huihe(Julia) ZHU,Director at OliGrow,nhbb.com,2026-01-08 18:40:16
,Bethany Wood,"Senior Director, Commercial and Strategic Programs",nhbb.com,2026-01-08 18:40:16
,Charlie Peters,Chief Operating Officer,newenglandwire.com,2026-01-08 18:40:16
,Jaci McNamara,Director of Sales,newenglandwire.com,2026-01-08 18:40:16
,Karen Peters,VP Business Adminstration,newenglandwire.com,2026-01-08 18:40:16
,Anthony Castoro,Director of Business Development,newenglandwire.com,2026-01-08 18:40:16
,Holly Rice,Human Resources Director,newenglandwire.com,2026-01-08 18:40:16
,Felix Quasniczka,Vice President of Sales & Business Development,hitchiner.com,2026-01-08 18:40:01
,"Fernando Garcia Fuentes - PMP, CMQ/OE, CQE",Vice President-Mexico Operations,hitchiner.com,2026-01-08 18:40:01
,Michel Petit,Executive Vice President Sales & Business Development,hitchiner.com,2026-01-08 18:40:01
,Christine Glover,"Director, Human Resources",hitchiner.com,2026-01-08 18:40:01
,Andrew Alajajian,Director of Finance,hitchiner.com,2026-01-08 18:40:01
,Kenneth Hedlund,"Global Director, Quality",hitchiner.com,2026-01-08 18:40:01
,Anthony Rodrigues,"Director, Facilities & Engineering Projects",hitchiner.com,2026-01-08 18:40:01
,Gary Healy,Director of Continuous Improvement,hitchiner.com,2026-01-08 18:40:01
,Michael West,Engineering Director - US Operations,hitchiner.com,2026-01-08 18:40:01
,Mandy B.,Director of Marketing & Communications,hitchiner.com,2026-01-08 18:40:01
,Greg Naughton,Director of Engineering,hitchiner.com,2026-01-08 18:40:01
,Brian Zimmer,Director of Engineering,hitchiner.com,2026-01-08 18:40:01
,John Cole,Fisherman,hitchiner.com,2026-01-08 18:40:01
,Benjamin Tims,Business Unit Director - Master Melt Operations,hitchiner.com,2026-01-08 18:40:01
,Daniel T. Riley,Vice President of Operations,dewconstruction.com,2026-01-08 18:39:27
,Matthew Wheaton,"Executive Vice President, Principal",dewconstruction.com,2026-01-08 18:39:27
,Brian Gallagher,Director Of Business Development,dewconstruction.com,2026-01-08 18:39:27
,Don Wells,Chief Executive Officer,dewconstruction.com,2026-01-08 18:39:27
,Chris Bertrand,Vice President of Business Development,dewconstruction.com,2026-01-08 18:39:27
,Indrava Dutt,Director,dewconstruction.com,2026-01-08 18:39:27
,David Williams,Director,dewconstruction.com,2026-01-08 18:39:27
,Dylan Cruess,Principal and Chief Operating Officer,tfmoran.com,2026-01-08 18:39:26
,"Michael R. Dahlberg, LLS, RPLS, PLS, CFS",Senior Vice President,tfmoran.com,2026-01-08 18:39:26
,Tracey Pelton,Vice President of Marketing And Corporate Affairs,procon-inc.com,2026-01-08 18:39:26
,"James Grant, P.E.",Chief Operating Officer,procon-inc.com,2026-01-08 18:39:26
,Jen Stebbins Thomas,Managing Director,procon-inc.com,2026-01-08 18:39:26
,Michael Yeatman,Chief Construction Officer,procon-inc.com,2026-01-08 18:39:26
,Daniel Messier,Senior Vice President Operations,procon-inc.com,2026-01-08 18:39:26
,A. Matthew Wirth,Senior Vice President - Architecture and Engineering,procon-inc.com,2026-01-08 18:39:26
,Gregg Crowell,CFO,procon-inc.com,2026-01-08 18:39:26
,Beth Carter,Marketing Director,procon-inc.com,2026-01-08 18:39:26
,Kimberly Cochran,Vice President and General Counsel,procon-inc.com,2026-01-08 18:39:26
,Brad Diver,Director Of Warranty,procon-inc.com,2026-01-08 18:39:26
,Adam Morrill,Associate Principal - Director of Design,procon-inc.com,2026-01-08 18:39:26
,Philip Germain,Senior Vice President Estiang & Preconstruction,procon-inc.com,2026-01-08 18:39:26
,Michael W Fowlkes,President,procon-inc.com,2026-01-08 18:39:26
,Sebastian Oropel,Encargado,procon-inc.com,2026-01-08 18:39:26
,Jeremy H.,Director of Enterprise IT & Data Systems,unitil.com,2026-01-08 18:38:53
,Carleton Simpson,"Senior Vice President, General Counsel",unitil.com,2026-01-08 18:38:53
,"Raymond A. Letourneau, Jr.",Vice President of Electric Operations,unitil.com,2026-01-08 18:38:53
,Sara Sankowich,Vice President Shared Services & Sustainability,unitil.com,2026-01-08 18:38:53
,Meggan Birmingham,Director Pipeline Safety,unitil.com,2026-01-08 18:38:53
,Carol Valianti,"VP, Marketing and Communications",unitil.com,2026-01-08 18:38:53
,Tracy Paterson,Human Resources Director,unitil.com,2026-01-08 18:38:53
,"Tom McNaughton, SHRM-CP",Sr. Human Resources Business Partner,unitil.com,2026-01-08 18:38:53
,Jacqueline Agel,"Director, Fleet/Facilities & Sustainability",unitil.com,2026-01-08 18:38:53
,Kat Bourque,"SVP External Affairs, Chief Customer Officer",unitil.com,2026-01-08 18:38:53
,Schoenberger Bob,CEO,unitil.com,2026-01-08 18:38:53
,Christopher Goulding,"Vice President, Finance and Regulatory",unitil.com,2026-01-08 18:38:53
,Mike Smith,Director of Business Development,unitil.com,2026-01-08 18:38:53
,Alec O'Meara,Director of External Affairs,unitil.com,2026-01-08 18:38:53
,Jenn Sanborn,Senior Vice President of Talent,sanbornhead.com,2026-01-08 18:38:53
,"Matthew Poirier, P.E.",Executive Vice President / COO,sanbornhead.com,2026-01-08 18:38:53
,"Brian Beaudoin, P.E.",Senior Vice President and Senior Associate,sanbornhead.com,2026-01-08 18:38:53
,Dori R.,Senior Vice President of Client Services,sanbornhead.com,2026-01-08 18:38:53
,Barret Cole,President / COO,sanbornhead.com,2026-01-08 18:38:53
,David Adams,Senior Vice President/Principal,sanbornhead.com,2026-01-08 18:38:53
,Rob Kenneally,Vice President,sanbornhead.com,2026-01-08 18:38:53
,"Russell Abell, PG, LSP",Senior Vice President/ Vice President,sanbornhead.com,2026-01-08 18:38:53
,Colleen Costello,Member Board of Directors,sanbornhead.com,2026-01-08 18:38:53
,Carolyn Silverthorn,Senior Vice President of Finance and Treasurer,sanbornhead.com,2026-01-08 18:38:53
,Bradley Green,Senior Vice President,sanbornhead.com,2026-01-08 18:38:53
,Mary Beth Dopfer,Vice President of Finance,sanbornhead.com,2026-01-08 18:38:53
,"Derek Long, P.E.",Project Director,sanbornhead.com,2026-01-08 18:38:53
,"Kent Walker, PE, LSP",Director of Project Performance Center of Excellence,sanbornhead.com,2026-01-08 18:38:53
,Barry Woods,Senior Director of eMobility,revisionenergy.com,2026-01-08 18:38:52
,Fortunat Mueller,"Co-Founder, CEO",revisionenergy.com,2026-01-08 18:38:52
,James Hasselbeck,Chief Technical Officer,revisionenergy.com,2026-01-08 18:38:52
,Anna Fincke,Vice President Of Commercial Operations,revisionenergy.com,2026-01-08 18:38:52
,Lauren Guite,Director of Digital and Content Marketing,revisionenergy.com,2026-01-08 18:38:52
,Mark Zankel,Director of Community Solar,revisionenergy.com,2026-01-08 18:38:52
,Heather Deese,Director of Commercial Sales,revisionenergy.com,2026-01-08 18:38:52
,Brie O'Malley,"Director, ReVision Energy Training Center",revisionenergy.com,2026-01-08 18:38:52
,Katie Beane-Lewis,"Director, People & Culture",revisionenergy.com,2026-01-08 18:38:52
,Nicole Minzy,VP of Finance,revisionenergy.com,2026-01-08 18:38:52
,Jonathan Wheatley,Director Of Technology,revisionenergy.com,2026-01-08 18:38:52
,Nate Niles,Director of Development,revisionenergy.com,2026-01-08 18:38:52
,Dan Anastos,Director of Systems and Business Analytics,revisionenergy.com,2026-01-08 18:38:52
,Benjamin Mayer,Director of Solar Champion Initiatives,revisionenergy.com,2026-01-08 18:38:52
,Nate Bowie,Regional Vice President,revisionenergy.com,2026-01-08 18:38:52
,Ray Wahl,Chief Executive Officer,convenientmd.com,2026-01-08 18:33:09
,Emily Woodman,Vice President of Operations,convenientmd.com,2026-01-08 18:33:09
,"Erin Prime, MBA",District Director of Operations - Maine,convenientmd.com,2026-01-08 18:33:09
,"Bridgette Adams, MBA",Director of Operations,convenientmd.com,2026-01-08 18:33:09
,Bill Gillis,Chief Information Officer,convenientmd.com,2026-01-08 18:33:09
,"Caitlin Laughton, MSN, RN","Vice President, Clinical and Value-Based Care Operations",convenientmd.com,2026-01-08 18:33:09
,Michael Nile,Senior Vice President,convenientmd.com,2026-01-08 18:33:09
,"Matthew R. Reilly, CFA",Chief Financial Officer,convenientmd.com,2026-01-08 18:33:09
,Rozalind (.,Senior Director of Talent Acquisition,convenientmd.com,2026-01-08 18:33:09
,Allison Baker,"Director, Human Resources",convenientmd.com,2026-01-08 18:33:09
,"Kate Bolduc, RN, MSN, CHC","Senior Vice President, People",convenientmd.com,2026-01-08 18:33:09
,Aaron Hoeflich,Director of IT Operations & Infrastructure,convenientmd.com,2026-01-08 18:33:09
,"Theresa Mwesigwa, MD",Head of Business Enablement,convenientmd.com,2026-01-08 18:33:09
,Stephen Munier,Vice President of Sales,convenientmd.com,2026-01-08 18:33:09
,Jessica Laughton,Director of Revenue Integrity,convenientmd.com,2026-01-08 18:33:09
,Kaitlin Carlson,Director of Patient Services,convenientmd.com,2026-01-08 18:33:09
,Heather Twombly,Director of Intake,convenientmd.com,2026-01-08 18:33:09
,Michael Schidlovsky,Regional Director of Business and Community Relations,convenientmd.com,2026-01-08 18:33:09
,Jennifer Harris,Director of Marketing,convenientmd.com,2026-01-08 18:33:09
,Ryan Hansen,"Senior Vice President of Real Estate, Development & Supply Chain",convenientmd.com,2026-01-08 18:33:09
,Alison Connelly,Director Of Business Development,convenientmd.com,2026-01-08 18:33:09
,Jennifer Halvatzes,Director of Supply Chain & Inventory Control,convenientmd.com,2026-01-08 18:33:09
,Brenda Karibian,Regional Medical Director,convenientmd.com,2026-01-08 18:33:09
,Celina Frost,Director of Compliance and Radiology,convenientmd.com,2026-01-08 18:33:09
,Kimberly Caldwell,Maine District Medical Director-Urgent Care,convenientmd.com,2026-01-08 18:33:09
,Bruce Nickerson,Director - Delta Dental Plan of Maine Board of Directors,nedelta.com,2026-01-08 18:29:43
,Rob Kleiner,Director of Operations,nedelta.com,2026-01-08 18:29:43
,Tom Raffio,President + CEO,nedelta.com,2026-01-08 18:29:43
,Jodie Hittle,Vice President of Sales & Marketing,nedelta.com,2026-01-08 18:29:43
,Ryan King,Vice President Human Resources,nedelta.com,2026-01-08 18:29:43
,Michael Bourbeau,"Vice President, Information Systems",nedelta.com,2026-01-08 18:29:43
,Jeffrey Walawender,"Vice President, Provider Network and Clinical Strategy",nedelta.com,2026-01-08 18:29:43
,Jennifer E Gilkie,"Independent Public Director, Board of Directors",nedelta.com,2026-01-08 18:29:43
,Joseph Errante,"Vice President, Network and Clinical Strategies",nedelta.com,2026-01-08 18:29:43
,"Kristine Avery, SPHR, SHRM-SCP",Board Director (public member),nedelta.com,2026-01-08 18:29:43
,"Jessica Leandri, MA",Director Of Professional Relations,nedelta.com,2026-01-08 18:29:43
,Brian Duffy,Vice President and General Counsel,nedelta.com,2026-01-08 18:29:43
,Erin Holt,"Director, Marketing & Communications",nedelta.com,2026-01-08 18:29:43
,Kathryn LaBonte,"Director, Claims Operations",nedelta.com,2026-01-08 18:29:43
,Sarah Thayer,"Director, Vermont Sales & Account Management",nedelta.com,2026-01-08 18:29:43
,Marie Bridges,"Director, Maine Sales and Account Management",nedelta.com,2026-01-08 18:29:43
,Courtney Morin,"Vice President, Actuarial & Underwriting",nedelta.com,2026-01-08 18:29:43
,Todd Walker,Director at csOne Benefit Solutions,nedelta.com,2026-01-08 18:29:43
,Laurie Bienefeld,Vice President Finance,nedelta.com,2026-01-08 18:29:43
,Cheryl Monroe,Director of Finance,nedelta.com,2026-01-08 18:29:43
,Tracy Gilman (Chase),"Director, Government Programs",nedelta.com,2026-01-08 18:29:43
,Cassandra Worster,"Director, Business Architect",nedelta.com,2026-01-08 18:29:43
,Jody Touzin,"Director, NH Sales & Account Management",nedelta.com,2026-01-08 18:29:43
,Pat Vaillancourt,"Director, Operations",nedelta.com,2026-01-08 18:29:43
,Eleanor Vien,Director of Professional Relations at Northeast Delta Dental,nedelta.com,2026-01-08 18:29:43
